id,text_EN,text_CZ,text,modified,onlyid
char_576_uiName,Dangler,Provazník,〈吊り男〉,〈吊り男〉,
char_693_uiName,Dogbreath,Psí dech,〈毒息〉,〈毒息〉,
char_131_uiName,Agnes,Anežka,アグネス,アネシュカ,
char_597_uiName,Agro,Agro,アグロ,アグロ,
char_134_uiName,Adam,Adam,アダム,アダム,
char_11_uiName,Adela,Lazebnice Adéla,アデラ,理髪師のアデーラ,
char_64_uiName,Apolena's mother,Matka Apoleny,アポレーナの母親,アポレナの母親,
char_507_uiName,Al-Burāq,Al-Burāq,アルブラーク,アルブラーク,
char_51_uiName,Alex,Aleš,アレックス,アレシュ,
char_704_uiName,Alex,Aleš,アレックス,アレシュ,
char_611_uiName,Sir Anselm,Adam z Domků,アンセルム卿,ドムカのアダム,
char_142_uiName,Antonia,Tonka,アントニア,トンカ,
char_226_uiName,Andrew,Hospodský Ondřej,アンドリュー,宿の店主のオンジェイ,
char_257_uiName,Archibald,Slavoj,アーチボルド,スラヴォイ,
char_435_uiName,Urban,Urban Žák,アーバン,ウルバン学士,
char_289_uiName,Sir Jezhek,Pan Ježek,イェジェク卿,イェジェク卿,
char_59_uiName,Istvan Toth,István Tóth,イストヴァン・トート,イシュトヴァーン゠トート,
char_696_uiName,Elijah,Eliáš,イライジャ,エリアーシュ,
char_364_uiName,Weed,Souška,ウィード,ソウシュカ,
char_498_uiName,Uchchaihshravas,Uchchaihshravas,ウチチャイシュラヴァス,ウチチャイシュラヴァス,
char_182_uiName,Wolfram Pruda,Věkoš Pruda,ウルフラム・プルーダ,ヴェコシュ゠プルダ,
char_288_uiName,Ulrich,Ulrich,ウルリッヒ,ウルリヒ,
char_17_uiName,Uzhitz Bailiff,Úžický rychtář,ウージッツの執行官,ウージツェの執行官,
char_37_uiName,Uzhitz Catchpole,Úžický dráb,ウージッツの衛兵,ウージツェの衛兵,
char_43_uiName,Uzhitz tavern maid,Úžická šenkýřka,ウージッツの酒場の給仕,ウージツェの酒場の給仕,
char_36_uiName,Uzhitz village woman,Úžická vesničanka,ウージッツ村の女性,ウージツェの女住民,
char_35_uiName,Uzhitz villager,Úžický vesničan,ウージッツ村民,ウージツェの住民,
char_625_uiName,Sir Erhart,Lukáš z Bílovce,エアハート卿,ビーロフツェのルカーシュ,
char_494_uiName,Epona,Epona,エポナ,エポナ,
char_360_uiName,Brother Elias,Laik Eliáš,エリアス修道士,エリアーシュ修道士,
char_175_uiName,Elishka,Eliška,エリシュカ,エリシュカ,
char_295_uiName,Erik,Erik,エリック,エリク,
char_641_uiName,Olda Freier,Oldřich Frejíř,オルダ・フライア,女たらしのオルジフ,
char_661_uiName,Holba,Dřízek,オルバ,ジーゼク,
char_234_uiName,Olena,Olena,オレーナ,オレナ,
char_328_uiName,Capon's crony,Ptáčkův kumpán,カポンの仲間,プターチェクの仲間,
char_342_uiName,Capon's crony,Ptáčkův kumpán,カポンの仲間,プターチェクの仲間,
char_698_uiName,Capon's horse,Kůň Jana Ptáčka,カポンの馬,プターチェクの馬,
char_149_uiName,Master Karel,Mistr Karel,カレル,カレル師,1
char_219_uiName,Karolina,Karolína,カロリーナ,カロリーナ,
char_506_uiName,Kanthaka,Kanthaka,カンサカ,カンタカ,
char_344_uiName,Wolflin of Kamberg,Wolflin z Kamberka,カンバークのヴォルフリン,カムベルクのヴォルフリン,
char_298_uiName,Karl,Karl,カール,カルル,
char_300_uiName,Karl's father,Karlův otec,カールの父,カルルの父,
char_199_uiName,Kuttenberg Executioner,Kutnohorský kat,クッテンバークの処刑人,クッテンベルクの処刑人,
char_48_uiName,Kunesh,Kuneš,クネシュ,クネシュ,
char_263_uiName,Cuman,Kumán,クマン人,クマン人,
char_421_uiName,Cuman,Kumán,クマン人,クマン人,
char_424_uiName,Cuman,Kumán,クマン人,クマン人,
char_423_uiName,Cuman,Kumán,クマン人,クマン人,
char_422_uiName,Cuman,Kumán,クマン人,クマン人,
char_420_uiName,Cuman,Kumán,クマン人,クマン人,
char_112_uiName,Cuman,Kumán,クマン人,クマン人,
char_118_uiName,Cuman interpreter,Kumánský tlumočník,クマン人の通訳,クマン人の通訳,
char_117_uiName,Cuman leader,Velitel Kumánů,クマン人の首領,クマン人の首領,
char_255_uiName,Klara,Klára,クララ,クラーラ,
char_215_uiName,Khuta,Kúta,クータ,クータ,
char_568_uiName,Sir Kuno,Kuno,クーノ卿,クノ卿,
char_656_uiName,Guta,Krejčová Guta,グータ,仕立て屋のグタ,
char_491_uiName,Kelpie,Kelpie,ケルピー,ケルピー,
char_650_uiName,Pavel of Kolin,Pavel z Kolína,コリーンのパヴェル,コリーンのパヴェル,
char_503_uiName,Chollima,Chollima,コルリマ,ホルリマ,
char_284_uiName,Konrad Kyeser,Konrad Kyeser,コンラッド・カイザー,コンラート゠キーザー,
char_130_uiName,Konrad Hagen,Konrad Hagen,コンラッド・ハーゲン,コンラート゠ハゲン,
char_138_uiName,Kornelius,Krojchanzl,コーネリウス,クロイハンズル,
char_608_uiName,Gossip,Drbna,ゴシップ,ドルブナ,
char_44_uiName,Godwin's concubine,Bohutova konkubína,ゴドウィンの愛人,ボフタの愛人,
char_2_uiName,Father Godwin  ,Farář Bohuta,ゴドウィン神父  ,ボフタ神父,
char_154_uiName,Father Simon,Farář Šimon,サイモン神父,シモン神父,
char_481_uiName,Sasau scribe,Sázavský písař,ササウの書記官,サーザヴァの書記官,
char_97_uiName,Sasau Tanner,Sázavský koželuh,ササウの革職人,サーザヴァの革職人,
char_612_uiName,Samuel,Šimek,サミュエル,シメク,
char_465_uiName,Zach ,Kovář Zach,ザック ,鍛冶師のザフ,1
char_500_uiName,Schemig,Šemík,シェミグ,シミーク,
char_599_uiName,Shadowfax,Stínovlas,シャドウファックス,シャドウファックス,
char_598_uiName,Shadowmere,Můra,シャドウメア,シャドウメア,
char_613_uiName,Stibor,Ctibor,シュティボール,ツティボル,
char_690_uiName,Sisyphus,Sysifos,シーシュポス,シシフォス,
char_569_uiName,Jakey,Kubajs,ジェイキー,クバイス,
char_65_uiName,Jake Piper,Jakub Pištec,ジェイク・パイパー,笛吹きのヤクプ,
char_297_uiName,Master Jerome,Mistr Jeroným,ジェローム,イェロニーム師,
char_617_uiName,Jane,Jana,ジェーン,ヤナ,
char_267_uiName,Just So,Akorat,ジャスト・ソー,アコラト,
char_580_uiName,Jan Bearman,Jan Brtník,ジャン・ベアマン,養蜂家のヤン,
char_352_uiName,Hannes from Skalitz,Hannes ze Skalice,スカリッツのハンネス,スカリツェのハンネス,
char_354_uiName,Philip from Skalitz,Filip ze Skalice,スカリッツのフィリップ,スカリツェのフィリプ,
char_654_uiName,Skalitz soldier,Skalický voják,スカリッツの兵士,スカリツェの兵士,
char_247_uiName,Skalitz Priest,Skalický farář,スカリッツの司祭,スカリツェの司祭,
char_365_uiName,Stump,Malej,スタンプ,マレイ,
char_478_uiName,Stephen ,Štěpán,スティーブン ,シュチェパーン,
char_24_uiName,Lady Stephanie,Štěpánka,ステファニー夫人,シュチェパーンカ夫人,
char_579_uiName,Stephan Fletching,Štěpán Letka,ステファン・フレッチング,矢羽のシュチェパーン,
char_236_uiName,Straw,Sláma,ストロー,スラーマ,
char_577_uiName,The Stone,Němec,ストーン,ネメツ,
char_277_uiName,Smil  ,Smil,スミル  ,スミル  ,
char_505_uiName,Sleipnir,Sleipnir,スレイプニル,スレイプニル,
char_251_uiName,Zdena,Zdena,ズデナ,ズデナ,
char_152_uiName,Zmola,Zmola,ズモラ,ズモラ,
char_216_uiName,Zlata,Zlata,ズラタ,ズラタ,
char_150_uiName,Sebastian vom Berg,Sebastián z Hory,セバスチャン・ヴォン・バーク,セバスティアン゠フォン゠ベルク,
char_350_uiName,Brother Cellarius,Bratr cellarius,セラリウス修道士,ケラッリウス修道士,
char_169_uiName,Zora,Zdena,ゾラ,ズデナ,
char_542_uiName,Zora's dappled grey,Zdenin grošák,ゾラのダップルグレー,ズデナのダップルグレー,
char_539_uiName,Pie,Koláček,タルト,コラーチェク,
char_496_uiName,Tulpar,Tulpar,タルパー,トゥルパル,
char_645_uiName,Thadeus of Talmberg,Tadeáš z Talmberka,タルムバークのサディアス,タルムベルクのタデアーシュ,
char_314_uiName,Talmberg soldier,Talmberský voják,タルムバークの兵士,タルムベルクの兵士,
char_322_uiName,Talmberg Soldier,Talmberský voják,タルムバークの兵士,タルムベルクの兵士,
char_321_uiName,Talmberg soldier,Talmberský voják,タルムバークの兵士,タルムベルクの兵士,
char_516_uiName,Daniel,Daněk,ダニエル,ダニェク,
char_6_uiName,Timmy,Péťa,ティミー,ペーチャ,
char_668_uiName,Tinker,Flek,ティンカー,フレク,
char_647_uiName,Theresa,Tereza,テレーザ,テレザ,
char_23_uiName,Theresa,Tereza,テレーザ,テレザ,
char_700_uiName,Divish's horse,Kůň pana Diviše,ディビシュの馬,ディヴィシュ卿の馬,
char_20_uiName,Sir Divish  ,Diviš,ディビシュ卿  ,ディヴィシュ卿,
char_47_uiName,Tobias Feyfar,Tobiáš Fejfar,トバイアス・フェイファー,トビアーシュ゠フェイファル,
char_492_uiName,Trojan,Trojský kůň,トロージャン,トロイア,
char_136_uiName,Tonda,Tonda,トンダ,トンダ,
char_353_uiName,Thomas,Tomáš,トーマス,トマーシュ,
char_318_uiName,Thomas,Tomáš,トーマス,トマーシュ,
char_52_uiName,Deutsch,Kožišník Němec,ドイッチュ,ドイッチュ,
char_13_uiName,Deutsch's Wife,Šárka,ドイッチュの妻,シャールカ,
char_434_uiName,German,Němec,ドイツ人,ドイツ人,
char_361_uiName,German,Němec,ドイツ人,ドイツ人,
char_213_uiName,Drahomira,Drahomíra,ドラホミーラ,ドラホミーラ,
char_262_uiName,Dorothy,Dorota,ドロシー,ドロタ,
char_644_uiName,Stephen of Dvoretz,Štěpán dvoreckej,ドヴォレツのスティーブン,ドヴォルツェのシュチェパーン,
char_200_uiName,Peter of Dauba,Petr z Dubé,ドーバのピーター,ドゥバーのペトル,
char_666_uiName,Doubek,Doubek,ドーベック,ドウベク,
char_648_uiName,Nuckelavee,Nuckelavee,ナックラヴィー,ナックラヴィー,
char_45_uiName,Narrator,Vypravěč,ナレーター,ナレーター,
char_133_uiName,Brother Nicodemus,Bratr Nikodém,ニコデマス修道士,ニコデーム修道士,
char_347_uiName,Brother Nevlas,Bratr Nevlas,ネブラス修道士,ネヴラス修道士,
char_120_uiName,Foreman Nemoy,Štolmistr Nemoj,ネモイ,ネモイ,
char_620_uiName,Noggin,Kotrba,ノギン,コトルバ,
char_549_uiName,Roe deer,Srnec,ノロジカ,ノロジカ,
char_642_uiName,Pavel Roebuck,Pavel Srníček,ノロジカのパヴェル,ノロジカのパヴェル,
char_495_uiName,Hatatitla,Hatatitla,ハタティトラ,ハタティトラ,
char_699_uiName,Hanush's horse,Kůň pana Hanuše,ハヌシュの馬,ハヌシュ卿の馬,
char_225_uiName,Sir Hanush of Leipa,Hanuš z Lipé,ハヌシュ卿,ハヌシュ卿,
char_15_uiName,Hanekin Hare ,Jan Zajíc,ハネキン・ヘア ,ヤン゠ザイーツ,
char_601_uiName,Harridan,Prachošová,ハリダン,プラホショヴァー,
char_603_uiName,Harridan,Prachošová,ハリダン,プラホショヴァー,
char_637_uiName,Laszlo the Hungarian,Laszlo Kryksman,ハンガリーから来たラスロ,ハンガリーのラースロー,
char_76_uiName,Hans,Hans,ハンス,ハンス,
char_25_uiName,Hans Capon,Jan Ptáček,ハンス・カポン,ヤン゠プターチェク,
char_616_uiName,Hans Capon,Jan Ptáček,ハンス・カポン,ヤン゠プターチェク,
char_501_uiName,Bayard,Bayard,バヤール,バヤルト,
char_702_uiName,Bernard's horse,Bernardýn,バーナードの馬,ベルナルトの馬,
char_127_uiName,Captain Bernard,Bernard,バーナード隊長,ベルナルト隊長,
char_100_uiName,Punch,Vostrej,パンチ,ヴォストレイ,
char_589_uiName,Baker,Pekař,パン屋,パン屋,
char_583_uiName,Baker Silvester,Pekař Šimon,パン屋のシルヴェスター,パン屋のシモン,1
char_70_uiName,Pavel,Pavel,パヴェル,パヴェル,
char_687_uiName,Pavlena,Pavlena,パヴレナ,パヴレナ,
char_58_uiName,Bianca,Blanka,ビアンカ,ブランカ,
char_675_uiName,Bianca's father,Blančin otec,ビアンカの父,ブランカの父,
char_54_uiName,Zbyshek,Zbyšek,ビシェク,ズビシェク,
char_499_uiName,Binky,Binky,ビンキー,ビンキー,
char_141_uiName,Pickman,Vojcek,ピックマン,ヴォイツェク,
char_581_uiName,Petr Bearman,Petr Brtník,ピーター・ベアマン,養蜂家のペトル,
char_256_uiName,Peter Loukota,Petr Loukota,ピーター・ロコタ,ロウコタの息子ペトル,
char_536_uiName,Father Fabian,Otec Fabián,ファビアン神父,ファビアーン神父,
char_628_uiName,Felix's friend,Kamarád Honzy,フェリックスの友人,カマラートの友人,
char_627_uiName,Felix's friend,Kamarád Honzy,フェリックスの友人,カマラートの友人,
char_638_uiName,Menhard of Frankfurt,Menhart z Frankfurtu,フランクフルトのメンハート,フランクフルトのメンハルト,
char_663_uiName,Franta,František,フランタ,フランチェク,
char_204_uiName,Fritz,Fricek,フリッツ,フリツェク,
char_510_uiName,Fresco Master,Mistr freskař,フレスコ画匠,フレスコ画匠,
char_296_uiName,Florian,Florián,フロリアン,フロリアーン,
char_504_uiName,Bucephalus,Bucephalus,ブセファラス,ブケファロス,
char_609_uiName,Black Peter,Černý Petr,ブラック・ピーター,漆黒のペトル,
char_231_uiName,Bran,Bran,ブラン,ブラン,
char_101_uiName,Procopius,Prokop,プロコピウス,プロコプ,
char_578_uiName,Sir Hagen Zul,Hagen Zúl,ヘイゲン・ズル卿,ハゲン゠ズール卿,
char_689_uiName,Hereward,Heirwart,ヘリワード,ヘイルヴァルト,
char_655_uiName,Henslin,Henslin,ヘンスリン,ヘンスリン,
char_683_uiName,Henslin's henchman,Henslinův pohůnek,ヘンスリンの手下,ヘンスリンの手下,
char_682_uiName,Henslin's henchman,Henslinův pohůnek,ヘンスリンの手下,ヘンスリンの手下,
char_26_uiName,Henry,Jindřich,ヘンリー,インジフ,
char_665_uiName,Henry's mother,Jindřichova matka,ヘンリーの母,インジフの母,
char_366_uiName,Betwixt,Mezi,ベットウィクスト,メジ,
char_517_uiName,Bedrishka,Bedřiška,ベドリシュカ,ベドジシカ,
char_202_uiName,Beran,Beran,ベラン,ベラン,
char_203_uiName,Beran's wife,Beranová,ベランの妻,ベランの妻,
char_621_uiName,Berta,Blanka,ベルタ,ブランカ,
char_487_uiName,Peychar,Pejchar,ペイチャー,ペイハル,
char_502_uiName,Pegasus,Pegasus,ペガサス,ペガサス,
char_623_uiName,Pechuna,Plch,ペチュナ,プルフ,
char_488_uiName,Pebbles,Šedivka,ペブルズ,シェディフカ,
char_694_uiName,Hoch,Ůň,ホック,ウーニュ,
char_490_uiName,Boxer ,Boxer,ボクサー ,ボクサー ,
char_535_uiName,Votava,Votava,ボタヴァ,ヴォタヴァ,
char_28_uiName,Borya  ,Borja,ボーリャ  ,ボルヤ,
char_497_uiName,Podagros,Podagros,ポダグロス,ポダグロス,
char_657_uiName,Potter Stanislav,Hrnčíř Soběhrd,ポッター・スタニスラフ,陶器職人のソビェフルト,
char_132_uiName,Brother Porter,Bratr dveřník,ポーター修道士,ドヴェジニーク修道士,
char_301_uiName,Master Ota,Mistr Ota,マイスター・オータ,オタ師,
char_191_uiName,Magda,Magda,マグダ,マグダ,
char_205_uiName,Matthew,Matuš,マシュー,マトゥシュ,
char_49_uiName,Matthias,Matěj,マタイアス,マチェイ,
char_705_uiName,Matthias' mother,Matějova matka,マタイアスの母,マチェイの母,
char_684_uiName,Matthias' father,Matějův otec,マタイアスの父,マチェイの父,
char_692_uiName,Madame B,Madam,マダム・B,マダム,
char_473_uiName,Mash ,Vobrok,マッシュ ,ヴォブロク,
char_667_uiName,Mutt,Vořech,マット,ヴォジェフ,
char_466_uiName,Marianna,Šenkýřka Marjána,マリアンナ,酒場のマルヤーナ,
char_554_uiName,Marius,Lokátor Martin,マリウス,測量師のマルティン,
char_602_uiName,Malis,Prachoš,マリス,プラホシュ,
char_600_uiName,Malis,Prachoš,マリス,プラホシュ,
char_66_uiName,Marush,Maruš,マルシュ,マルシュ,
char_442_uiName,Marta,Šenkýřka Marta,マルタ,酒場のマルタ,
char_135_uiName,Maruna,Maruna,マルーナ,マルナ,
char_660_uiName,Marosh,Maroš,マロシュ,マロシュ,
char_62_uiName,Margaret,Markéta,マーガレット,マルケータ,
char_171_uiName,Mark,Marek,マーク,マレク,
char_67_uiName,Markvart von Aulitz,Markvart von Aulitz,マークヴァート・フォン・オーリッツ,マルクヴァルト゠フォン゠アウリッツ,
char_259_uiName,Mark Loukota,Marek Loukota,マーク・ロコタ,ロウコタの息子マレク,
char_8_uiName,Morcock,Mach,マーコック,マフ,
char_486_uiName,Morcock's henchman,Machův poskok,マーコックの子分,マフの子分,
char_485_uiName,Morcock's henchman,Machův poskok,マーコックの子分,マフの子分,
char_551_uiName,Martin Viezek,Martin Vízek,マーティン・ヴィゼック,マルティン゠ヴィーゼク,
char_476_uiName,Milan ,Máchal,ミラン ,マーハル,
char_7_uiName,Mirka,Mirka,ミルカ,ミルカ,
char_261_uiName,Milota,Milota,ミロタ,ミロタ,
char_229_uiName,Milomir ,Milomir,ミロミール ,ミロミル,
char_622_uiName,Mladota,Mladota,ムラドータ,ムラドタ,
char_474_uiName,Maple ,Votava,メイプル ,ヴォタヴァ,
char_230_uiName,Melichar,Melichar,メリカー,メリハル,
char_170_uiName,Jakub,Jakub,ヤコブ,ヤクプ,
char_56_uiName,Janek,Janek,ヤネク,ヤネク,
char_639_uiName,Michal of Janovitz,Michal z Janovic,ヤノーヴィツのミハル,ヤノヴィツェのミハル,
char_658_uiName,Jarmila,Jarmila,ヤルミラ,ヤルミラ,
char_57_uiName,Jaroslav,Jaroslav,ヤロスラフ,ヤロスラフ,
char_282_uiName,Johann,Johan,ヨハン,ヨハン,
char_55_uiName,Johanka,Johanka,ヨハンカ,ヨハンカ,
char_299_uiName,Margrave Jobst  ,Jošt Lucemburský,ヨブスト辺境伯  ,辺境伯ヨシュト,
char_475_uiName,Josef,Josef,ヨーゼフ,ヨセフ,
char_697_uiName,Radzig's horse,Rackova Kobyla,ラジクの馬,ラツェク卿の馬,
char_22_uiName,Sir Radzig Kobyla,Racek Kobyla,ラジク・コビラ卿,ラツェク゠コビラ卿,
char_292_uiName,Raspberry,Dřevorubec Malina,ラズベリー,木こりのマリナ,
char_337_uiName,Radan,Radan,ラダン,ラダン,
char_276_uiName,Radan,Radan,ラダン,ラダン,
char_336_uiName,Radan,Radan,ラダン,ラダン,
char_63_uiName,Rattay Parish Priest,Ratajský farář,ラッタイの教区司祭,ラタイェの司祭,
char_27_uiName,Rattay Blacksmith,Ratajský kovář,ラッタイの鍛冶屋,ラタイェの鍛冶屋,
char_290_uiName,Rapota,Rapota,ラポタ,ラポタ,
char_367_uiName,Lanky,Velkej,ランキー,ヴェルケイ,
char_9_uiName,Runt,Prcek ,ラント,プルツェク,
char_604_uiName,Lida,Venkovanka Lída,リダ,リーダ,
char_458_uiName,Riddler,Hádankář,リドラー,謎掛け好きの男,
char_302_uiName,John II of Liechtenstein,Jan z Lichtenštejna II.,リヒテンシュタインのヨハン2世,リフテンシュテインのヤンII世,
char_283_uiName,Ludmila,Ludmila,リュドミラ,ルドミラ,
char_477_uiName,Ringlet ,Lokna,リングレット ,ロクナ,
char_334_uiName,Leader,Velitel,リーダー,ヴェリテル,
char_691_uiName,Lucifer,Lucifer,ルシファー,ルシフェル,
char_172_uiName,Ruda,Ruda,ルダー,ルダ,
char_14_uiName,Rupert,Lommistr Rupert,ルパート,監督のルペルト,
char_69_uiName,Lumir,Sedlák Lumír,ルミール,農夫のルミール,
char_68_uiName,Ruch,Sedlák Ruch,ルーシュ,農夫のルフ,
char_651_uiName,Old Ruch,Starej Ruch,ルーシュ,老ルフ,
char_269_uiName,Leshek,Lešek,レシェク,レシェク,
char_151_uiName,Leshek ,Lešek,レシェク ,レシェク,
char_618_uiName,Ledetchko player,Ledečský hráč,レデチコの博打打ち,レデチコの博打打ち,
char_489_uiName,Rocinante,Rocinante,ロシナンテ,ロシナンテ,
char_137_uiName,Rock,Petřina,ロック,ペトジーナ,
char_701_uiName,Robard's horse,Kůň pana Bořka,ロバードの馬,ボジェク卿の馬,
char_10_uiName,Sir Robard,Bořek z Talmberka,ロバード卿,ボジェク卿,
char_493_uiName,Roach,Klepna,ローチ,ローチ,
char_452_uiName,Vashek,Podkoní Vašek,ヴァシェク,馬丁のヴァシェク,
char_265_uiName,Vatzek,Vacek,ヴァツェク,ヴァツェク,
char_537_uiName,Vitus,Vítek,ヴィトス,ヴィテク,
char_223_uiName,Vitus Urban,Vít Urban,ヴィトス・アーバン,ヴィート゠ウルバン,
char_703_uiName,Vincent,Vít,ヴィンセント,ヴィート,
char_140_uiName,Vincent,Vít,ヴィンセント,ヴィート,
char_515_uiName,Vincent,Čeněk,ヴィンセント,チェネク,
char_214_uiName,Vera,Věra,ヴェラ,ヴェラ,
char_632_uiName,Benesh of Vlashim,Beneš Poříčskej,ヴラシムのベネシュ,ヴラシムのベネシュ,
char_355_uiName,Insomniac,Nespavec,不眠症の男,不眠症の男,
char_681_uiName,Madam,Majitelka lázní Maruš,主婦,〈マダム〉,
char_218_uiName,Tailor,Krejčí,仕立屋,仕立屋,
char_649_uiName,Tailor Ambrose,Krejčí Ambrož,仕立屋アンブローズ,仕立屋のアンブロシュ,
char_382_uiName,Citizen,MĚŠŤAN,住民,住民,
char_386_uiName,Citizen,MĚŠŤAN,住民,住民,
char_388_uiName,Citizen,MĚŠŤAN,住民,住民,
char_389_uiName,Citizen,MĚŠŤAN,住民,住民,
char_385_uiName,Citizen,MĚŠŤAN,住民,住民,
char_384_uiName,Citizen,MĚŠŤAN,住民,住民,
char_324_uiName,Messenger,Posel,使者,住民,
char_317_uiName,Messenger,Posel,使者,住民,
char_162_uiName,Novice Antonius,Novic Antonín,修練士アントニウス,アントニーン修練士,
char_164_uiName,Novice Siskin,Novic Čížek,修練士シスキン,チージェク修練士,
char_163_uiName,Novice Jodok,Novic Jodok,修練士ヨドク,ヨドク修練士,
char_165_uiName,Novice Lucas,Novic Lukáš,修練士ルーカス,ルカーシュ修練士,
char_418_uiName,Monk,Mnich,修道僧,修道士,
char_416_uiName,Monk,Mnich,修道僧,修道士,
char_415_uiName,Monk,Mnich,修道僧,修道士,
char_414_uiName,Monk,Mnich,修道僧,修道士,
char_412_uiName,Monk,Mnich,修道僧,修道士,
char_417_uiName,Monk,Mnich,修道僧,修道士,
char_413_uiName,Monk,Mnich,修道僧,修道士,
char_419_uiName,Monk,Mnich,修道僧,修道士,
char_168_uiName,Monk,Mnich,修道僧,修道士,
char_167_uiName,Monk,Mnich,修道僧,修道士,
char_166_uiName,Monk,Mnich,修道僧,修道士,
char_147_uiName,Brother Librarian,Bratr knihovník,修道司書官,修道院の司書,
char_464_uiName,Mercenary,Žoldák,傭兵,傭兵,
char_534_uiName,Soldier,Voják,兵士,兵士,
char_320_uiName,Soldier,Voják,兵士,兵士,
char_316_uiName,Soldier,Voják,兵士,兵士,
char_512_uiName,Soldier,Voják,兵士,兵士,
char_513_uiName,Soldier ,Voják,兵士 ,兵士,
char_176_uiName,Executioner Hermann,Kat Heřman,処刑人ハーマン,処刑人のヘルジマン,
char_591_uiName,Swordsmith Fink,Mečíř Zvěst,刀鍛冶のフィンク,剣鍛冶のズヴェスト,
char_146_uiName,Prior,Převor,副院長,副院長,
char_270_uiName,Labourer,Čeledín,労働者,労働者,
char_482_uiName,Gambler,Gambler,博打打ち,博打打ち,
char_119_uiName,Gambler,Gambler,博打打ち,博打打ち,
char_143_uiName,Vicar,Vikář,司教代理,司教代理,
char_541_uiName,Vicar's guard,Vikářova stráž,司教代理の護衛,司教代理の護衛,
char_540_uiName,Vicar's guard,Vikářova stráž,司教代理の護衛,司教代理の護衛,
char_586_uiName,Merchant,Obchodník,商人,商人,
char_652_uiName,Merchant Ernest,Kupec Arnošt,商人アーネスト,商人のアルノシュト,
char_312_uiName,Captive bandit  ,Zajatý lapka,囚われの盗賊  ,捕まった盗賊,
char_94_uiName,Bailiff,Rychtář,執行官,執行官,
char_139_uiName,Bailiff,Rychtář,執行官,執行官,
char_53_uiName,Bailiff,Rychtář,執行官,執行官,
char_631_uiName,Kolda o' the Tower,Kolda od Věže,塔の上のコルダ,塔のコルダ,
char_148_uiName,Gravedigger,Hrobník,墓掘り人,墓掘り人,
char_252_uiName,Tramp,Chamraď,売春婦,売春婦,
char_253_uiName,Tramp,Chamraď,売春婦,売春婦,
char_461_uiName,Odd Fellow,Podivín,変人,変人,
char_224_uiName,Nightingale,Strážný Slavík,夜鳴鳥,衛兵のスラヴィーク,
char_239_uiName,Mistress Bauer,Paní Bauerová,女主人バウアー,女主人バウエロヴァー,
char_190_uiName,Herb Woman,Kořenářka Gertruda,女薬草師,女薬草師ゲルトルダ,1
char_183_uiName,Madam,Lázeňmamá,婦人,婦人,
char_677_uiName,Scholar,Žák Olbram,学者,オルブラム学士,1
char_50_uiName,Catchpole,Dráb,官吏,官吏,
char_105_uiName,Chamberlain,Komoří,家令,家令,
char_436_uiName,Innkeeper,Hospodský,宿の主人,宿の主人,
char_96_uiName,Innkeeper,Hostinský,宿の主人,宿の主人,
char_258_uiName,Innkeeper,Hostinský,宿の主人,宿の主人,
char_206_uiName,Innkeeper,Hostinský,宿の主人,宿の主人,
char_95_uiName,Innkeeper,Hostinský,宿の主人,宿の主人,
char_12_uiName,Innkeeper,Hospodský,宿の主人,宿の主人,
char_280_uiName,Innkeeper  ,Hostinský,宿の主人  ,宿の主人  ,
char_459_uiName,Poacher,Pytlák,密猟者,密猟者,
char_335_uiName,Poacher,Pytlák,密猟者,密猟者,
char_254_uiName,Peasant,Vesničan,小作農,小作農,
char_250_uiName,Girl's mother,Matka dívky,少女の母親,少女の母親,
char_248_uiName,Girl's father,Otec dívky,少女の父親,少女の父親,
char_533_uiName,Ensign,Kaprál,少尉,兵士長,
char_93_uiName,Charlatan,Šarlatán,山師,山師,
char_90_uiName,Adam Goathead,Adam Kozíhlava,山羊頭のアダム,山羊頭のアダム,
char_160_uiName,Circator Stibor,Cirkátor Ctibor,巡回者シュティボール,ツティボル修道長,
char_145_uiName,Circator John,Cirkátor Jan,巡回者ジョン,ヤン修道長,
char_582_uiName,Herald,Mistr arény,布告役,司会,
char_426_uiName,Commoner,Občan,平民,平民,
char_429_uiName,Commoner,Občan,平民,平民,
char_431_uiName,Commoner,Občan,平民,平民,
char_428_uiName,Commoner,Občan,平民,平民,
char_427_uiName,Commoner,Občan,平民,平民,
char_432_uiName,Commoner,Občan,平民,平民,
char_425_uiName,Commoner,Občan,平民,平民,
char_430_uiName,Commoner,Občan,平民,平民,
char_185_uiName,Barber,Holíč,床屋,床屋,
char_643_uiName,Bowman Richard,Ryšek talmberskej,弓兵リヒャルト,タルムベルクのリシェク,
char_646_uiName,Apprentice Zdenyek,Zdeněk Student,徒弟ズデネク,弟子のズデニェク,
char_629_uiName,Fearless Felix,Odvážlivec Honza,怖いもの知らずのフェリックス,恐れ知らずのホンザ,
char_294_uiName,Combat Master Vanyek,Fechtmajstr Vaněk,戦闘師範ヴァネク,戦術師範のヴァネク,
char_483_uiName,Květoslav the combat setter,Květoslav the combat setter,戦闘手配人クヴェトスラフ,戦闘手配人クヴェトスラフ,
char_508_uiName,Warhorse Jenda,Warhorse Jenda,戦馬ジェンダ,軍馬のイェンダ,
char_309_uiName,Captive,Zajatec,捕虜,捕虜,
char_351_uiName,Quarryman Semek,Kameník Petr,採石夫ザメク,採石夫のペトル,
char_266_uiName,Vagrant,Vagant,放浪者,放浪者,
char_315_uiName,Enemy,Nepřítel,敵,敵,
char_332_uiName,Cook,Kuchařka,料理人,料理人,
char_463_uiName,Wayfaring Knight,Toulavý rytíř,旅の騎士,遍歴騎士,
char_445_uiName,Wayfarer,Pocestný,旅行者,旅行者,
char_327_uiName,Rioter,Rváč,暴徒,暴徒,
char_325_uiName,Rioter,Rváč,暴徒,暴徒,
char_326_uiName,Rioter,Rváč,暴徒,暴徒,
char_193_uiName,Scribe,Písař Bedřich,書記官,ベドジフ書記官,1
char_310_uiName,Scribe,Písař,書記官,書記官,
char_572_uiName,Woodcutter,Dřevorubec,木こり,木こり,
char_573_uiName,Woodcutter,Dřevorubec,木こり,木こり,
char_575_uiName,Woodcutter,Dřevorubec,木こり,木こり,
char_574_uiName,Woodcutter,Dřevorubec,木こり,木こり,
char_674_uiName,Woodcutter Gajbl,Dřevorubec Gajbl,木こりのガヨール,木こりのガイブル,
char_659_uiName,Woodcutter Julian,Dřevorubec Julián,木こりのユリアン,木こりのユリアーン,
char_46_uiName,Charcoal-burner Havel,Uhlíř Havel,木炭商ハヴェル,炭焼き職人のハヴェル,
char_333_uiName,Village woman,Vesničanka,村の女,村の女,
char_331_uiName,Village woman,Vesničanka,村の女,村の女,
char_372_uiName,Villager,Vesničan,村人,村人,
char_374_uiName,Villager,Vesničan,村人,村人,
char_373_uiName,Villager,Vesničan,村人,村人,
char_377_uiName,Villager,Vesničan,村人,村人,
char_688_uiName,Villager,Vesničan,村人,村人,
char_376_uiName,Villager,Vesničan,村人,村人,
char_381_uiName,Villager,Vesničan,村人,村人,
char_375_uiName,Villager,Vesničan,村人,村人,
char_380_uiName,Villager,Vesničan,村人,村人,
char_379_uiName,Villager,Vesničan,村人,村人,
char_378_uiName,Villager,Vesničan,村人,村人,
char_319_uiName,Spearman,Zbrojnoš,槍兵,槍兵,
char_272_uiName,Armourer,Zbrojíř,武具職人,武具職人,
char_281_uiName,Armourer's wife  ,Žena zbrojíře,武具職人の妻  ,武具職人の妻  ,
char_91_uiName,Suspicious man-at-arms,Podezřelý ozbrojenec,武装した不審な男,武装した不審な男,
char_92_uiName,Suspicious man-at-arms,Podezřelý ozbrojenec,武装した不審な男,武装した不審な男,
char_21_uiName,Mother,Matka,母,母,
char_462_uiName,Faint-hearted Knight,Zbabělý rytíř,気弱な騎士,気弱な騎士,
char_653_uiName,Grease stain,Mastnej Flek,油染み,油のフレク,
char_593_uiName,Derelict,Pobuda,浮浪者,浮浪者,
char_470_uiName,Vagabond,Vagabund,浮浪者,放浪者,
char_596_uiName,Derelict,Pobuda,浮浪者,浮浪者,
char_595_uiName,Derelict,Pobuda,浮浪者,浮浪者,
char_594_uiName,Derelict,Pobuda,浮浪者,浮浪者,
char_31_uiName,Tom o' the Baths,Lázeňský Tomáš,浴場のトーマス,浴場のトマーシュ,
char_633_uiName,Jake the Stake,Jacek Klacek,火あぶりのジェイク,杭のヤツェク,
char_640_uiName,Olbram Sparrowhawk,Olbram Krahujec,灰鷹のオルブラム,灰鷹のオルブラム,
char_438_uiName,Charcoal-burner ,Uhlíř,炭焼き職人,炭焼き職人,
char_82_uiName,Charcoal-burner,Uhlíř,炭焼き職人,炭焼き職人,
char_447_uiName,Charcoal-burner ,Uhlíř Bodlák,炭焼き職人,炭焼き職人のボドラーク,1
char_439_uiName,Charcoal-burner ,Uhlíř,炭焼き職人,炭焼き職人,
char_437_uiName,Charcoal-burner ,Uhlíř,炭焼き職人,炭焼き職人,
char_81_uiName,Charcoal-burner spokesman,Uhlířský předák,炭焼き職人の代表者,炭焼き職人の代表者,
char_80_uiName,Charcoal-burner spokesman,Uhlířský předák,炭焼き職人の代表者,炭焼き職人の代表者,
char_78_uiName,Charcoal-burner spokesman,Uhlířský předák,炭焼き職人の代表者,炭焼き職人の代表者,
char_84_uiName,Charcoal-burner twin,Uhlíř dvojče,炭焼き職人の双子,炭焼き職人の双子,
char_83_uiName,Charcoal-burner twin,Uhlíř dvojče,炭焼き職人の双子,炭焼き職人の双子,
char_358_uiName,Charcoal-Burner's Helper,Uhlířův pacholek,炭焼き職人の手伝い,炭焼き職人の手伝い,
char_615_uiName,Father,Táta,父,父,
char_19_uiName,Father,Otec,父,父,
char_457_uiName,Beggar,Žebrák,物乞い,物乞い,
char_144_uiName,Beggar  ,Žebrák,物乞い  ,物乞い  ,
char_678_uiName,Beggar Rohozhetz,Žebrák Rohožec,物乞いのロホジェツ,物乞いのロホジェツ,
char_228_uiName,Beggar Jane,Žebračka Jana,物乞いジェーン,物乞いのヤナ,
char_669_uiName,Dog  ,Pes,犬,犬,
char_16_uiName,Huntsman Nicholas,Lovčí Mikuláš,狩人ニコラス,狩人のミクラーシュ,
char_670_uiName,Wolf  ,Vlk,狼,狼,
char_460_uiName,Gamekeeper,Hajný,猟匠,猟匠,
char_271_uiName,Huntsman Berthold,Lovčí Bertold,猟師バーソルド,猟師ベルトルト,
char_479_uiName,Odd Bird,Podivný mluvka,珍しい鳥,珍しい鳥,
char_679_uiName,Looter,Drancíř,略奪者,追い剥ぎ,
char_686_uiName,Inquisitor's assistant,Inkvizitorův pomocník,異端審問官の助手,異端審問官の助手,
char_606_uiName,Inquisitor Jaroslav,Inkvizitor Jaroslav z Bezmíře,異端審問官ヤロスラフ,ベズミールシの異端審問官ヤロスラフ,
char_173_uiName,Bandit,Lapka,盗賊,盗賊,
char_401_uiName,Bandit,Lapka,盗賊,盗賊,
char_402_uiName,Bandit,Lapka,盗賊,盗賊,
char_403_uiName,Bandit,Lapka,盗賊,盗賊,
char_404_uiName,Bandit,Lapka,盗賊,盗賊,
char_410_uiName,Bandit,Lapka,盗賊,盗賊,
char_405_uiName,Bandit,Lapka,盗賊,盗賊,
char_411_uiName,Bandit,Lapka,盗賊,盗賊,
char_409_uiName,Bandit,Lapka,盗賊,盗賊,
char_307_uiName,Bandit,Lapka,盗賊,盗賊,
char_408_uiName,Bandit,Lapka,盗賊,盗賊,
char_306_uiName,Bandit,Lapka,盗賊,盗賊,
char_303_uiName,Bandit,Lapka,盗賊,盗賊,
char_304_uiName,Bandit,Lapka,盗賊,盗賊,
char_305_uiName,Bandit,Lapka,盗賊,盗賊,
char_407_uiName,Bandit,Lapka,盗賊,盗賊,
char_174_uiName,Bandit,Lapka,盗賊,盗賊,
char_406_uiName,Bandit,Lapka,盗賊,盗賊,
char_209_uiName,Bandit ,Lapka,盗賊 ,盗賊,
char_210_uiName,Bandit ,Lapka,盗賊 ,盗賊,
char_211_uiName,Bandit ,Lapka,盗賊 ,盗賊,
char_235_uiName,Bandit ,Lapka,盗賊 ,盗賊,
char_368_uiName,Bandit Leader,Velitel lapků,盗賊の首領,盗賊の首領,
char_371_uiName,Overseer,Bratr šafář,監督官,監督官,
char_480_uiName,Overseer's Hand,Šafářův pomocník,監督官の助手,監督官の助手,
char_153_uiName,Mason,Zedník,石工,石工,
char_556_uiName,Custodian's Scribe,Nápravníkův písař,管理人の書記官,管理人の書記官,
char_177_uiName,Miller,Mlynář,粉屋,粉屋,
char_192_uiName,Millmaid Anna,Mlynářka Anna,粉屋の女中アンナ,粉屋の女中アンナ,
char_207_uiName,Miller's henchman,Mlynářský vymahač,粉屋の子分,粉屋の子分,
char_179_uiName,Miller Woyzeck,Mlynář Vojtěch,粉屋ウォイチェク,粉挽きのヴォイチェク,
char_548_uiName,Miller Oliver,Mlynář Petr Šrámek,粉屋オリバー,粉挽きの〈ひっかき傷のペトル〉,
char_180_uiName,Miller Simon,Mlynář Šimon,粉屋サイモン,粉挽きのシモン,
char_178_uiName,Miller Peshek,Mlynář Pešek,粉屋ペシェク,粉挽きのペシェク,
char_98_uiName,Crimp,Verbíř,縮れ毛,ヴェルヴィーシュ,
char_370_uiName,Old Thomas,Stárek Tomáš,老トーマス,老トマーシュ,
char_624_uiName,Old Blaha,Starý Bláha,老ブラーハ,老ブラーハ,
char_194_uiName,Elderly man,Hodný pán,老人,老人,
char_605_uiName,Veteran,Veterán,老兵,老兵,
char_195_uiName,Elderly woman,Milá dáma,老女,老女,
char_433_uiName,Old woman,Stará žena,老女,老女,
char_467_uiName,Old Whore,Žebračka,老娼婦,老娼婦,
char_220_uiName,Butcher,Řezník,肉屋,肉屋,
char_588_uiName,Butcher,Řezník,肉屋,肉屋,
char_584_uiName,Butcher Kochwurst,Řezník Krkovička,肉屋のコッホヴルスト,肉屋のクルコヴィチカ,
char_585_uiName,Butcher Brisket,Řezník Špejlík,肉屋のブリスケット,肉屋のシュペイリーク,
char_672_uiName,Deserter,Dezertér,脱走兵,脱走兵,
char_543_uiName,Roan,Bělouš,葦毛の馬,葦毛の馬,
char_186_uiName,Apothecary,Apatykář Konyáš,薬屋,薬屋のコニアーシュ,1
char_249_uiName,Apothecary  ,Apatykář,薬屋  ,薬屋  ,
char_212_uiName,Herbalist Kunhuta,Kořenářka Kunhuta,薬草師クヌタ,薬草師クンフタ,
char_217_uiName,Herbalist Zora,Kořenářka Z,薬草師ゾラ,薬草師ゾラ,
char_394_uiName,Guard,Strážný,衛兵,衛兵,
char_392_uiName,Guard,Strážný,衛兵,衛兵,
char_395_uiName,Guard,Strážný,衛兵,衛兵,
char_396_uiName,Guard,Strážný,衛兵,衛兵,
char_397_uiName,Guard,Strážný,衛兵,衛兵,
char_398_uiName,Guard,Strážný,衛兵,衛兵,
char_86_uiName,Guard,Strážný,衛兵,衛兵,
char_87_uiName,Guard,Strážný,衛兵,衛兵,
char_88_uiName,Guard,Strážný,衛兵,衛兵,
char_393_uiName,Guard,Strážný,衛兵,衛兵,
char_399_uiName,Guard,Strážný,衛兵,衛兵,
char_323_uiName,Guard   ,Strážný,衛兵   ,衛兵,
char_636_uiName,Guardsman Kolman,Kolman ratajskej,衛兵コルマン,ラタイェの衛兵コルマン,
char_553_uiName,Guard Pazdera,Strážný Pazdera,衛兵パズデラ,衛兵パズデラ,
char_450_uiName,Guard Radim,Strážný Radim,衛兵ラディム,衛兵ラディム,
char_362_uiName,Quartermaster,Táborový zásobovač,補給係,補給係,
char_484_uiName,Millmaid Jane,Mlynářka Jana,製粉所の女中ジェーン,製粉所の女中ヤナ,
char_695_uiName,Swindler,Švindlíř,詐欺師,詐欺師,
char_550_uiName,Herald,Herold,試合管理人,司会,
char_387_uiName,Herald,Turnajový mistr,試合管理人,審判,
char_268_uiName,Storyteller,Vypravěč,語り部,語り部,
char_453_uiName,Preacher   ,Kazatel,説教師   ,説教師   ,
char_455_uiName,Preacher   ,Kazatel,説教師   ,説教師   ,
char_454_uiName,Preacher   ,Kazatel,説教師   ,説教師   ,
char_346_uiName,Guardian Manfred ,Opatrovník Manfred,護衛マンフレッド ,護衛マンフレト,
char_72_uiName,Ginger,Zrzek,赤髪,赤髪,
char_680_uiName,Ointment peddlar,Mastičkář,軟膏屋,軟膏屋,
char_245_uiName,Farmhand,Pacholek,農場労働者,農場労働者,
char_221_uiName,Hired hand,Řezníkův pacholek,農場労働者,農場労働者,
char_246_uiName,Farmhand,Pacholek,農場労働者,農場労働者,
char_468_uiName,Farmhand ,Čeledín,農場労働者,農場労働者,
char_242_uiName,Farmer Bauer,Pan Bauer,農夫バウアー,農夫のバウエル,
char_441_uiName,Farmer Josef,Sedlák Jíra,農夫ヨーゼフ,農夫のイーラ,
char_451_uiName,Farmer Josef's wife,Žena sedláka Jíry,農夫ヨーゼフの妻,農夫イーラの妻,
char_359_uiName,Bored Guard,Znuděný strážný,退屈している衛兵,退屈している衛兵,
char_567_uiName,Refugee,Uprchlík,避難民,避難民,
char_563_uiName,Refugee,Uprchlík,避難民,避難民,
char_564_uiName,Refugee,Uprchlík,避難民,避難民,
char_566_uiName,Refugee,Uprchlík,避難民,避難民,
char_565_uiName,Refugee,Uprchlík,避難民,避難民,
char_448_uiName,Tavern brawler,Hospodský rváč,酒場のならず者,酒場のならず者,
char_313_uiName,Drunken lout,Hospodský pablb,酔いどれの輩,酔いどれの輩,
char_619_uiName,Camp wench,Táborová holka,野営地の娘,野営地の娘,
char_472_uiName,Fisherman,Rybářskej,釣り人,釣り人,
char_443_uiName,Fisherman Tomkin,Rybář Tomeš,釣師トムキン,釣師のトマーシュ,
char_121_uiName,Mine guard,Lom strážný,鉱山の衛兵,鉱山の衛兵,
char_311_uiName,Mine worker,Horník,鉱山労働者,鉱山労働者,
char_664_uiName,Mine worker,Horník,鉱山労働者,鉱山労働者,
char_99_uiName,Mine worker,Hornice,鉱山夫,鉱山夫,
char_77_uiName,Blacksmith's Betty,Kovářovic Běta,鍛冶屋のベティ,鍛冶師のビェタ,
char_707_uiName,Blacksmith Martin,Kovář Martin,鍛冶屋のマーティン,鍛冶師のマルティン,
char_607_uiName,Swordsmith's wife Katra,Mečířova žena Katra,鍛冶屋の妻,剣鍛冶の妻カトラ,
char_444_uiName,Blacksmith's wife,Žena sázavského kováře,鍛冶屋の妻,サーザヴァの鍛冶師の妻,
char_102_uiName,Blacksmith Mikesh,Kovář Míka,鍛冶屋ミケシュ,鍛冶師のミーカ,
char_626_uiName,Hired hand,Pacholek,雇われの助手,雇われの助手,
char_3_uiName,Tanner,Koželuh,革職人,革職人,
char_449_uiName,Tanner Brada,Koželuh Brada,革職人ブラダ,革職人ブラダ,
char_308_uiName,Stableboy,Podkoní,馬丁,馬丁,
char_676_uiName,Groom,Podkoní Bedřich,馬丁,馬丁のベドジフ,1
char_240_uiName,Stablemaster,Podkoní,馬丁長,馬丁長,
char_446_uiName,Head Groom,Štolba,馬番頭,馬番頭,
char_634_uiName,Jira the Kipper,Jíra Slaneček,魚好きのジーラ,魚好きのイーラ,
char_30_uiName,Black Lukesh,Černý Lukeš,黒のルケッシュ,黒のルケシュ,
char_4_uiName,Reeky,Smraďoch,鼻曲がり,鼻曲がり,
char_241_uiName,, ,,,
char_511_uiName,, ,,,
char_518_uiName,, ,,,
char_519_uiName,, ,,,
char_520_uiName,, ,,,
char_521_uiName,, ,,,
char_524_uiName,, ,,,
char_525_uiName,, ,,,
char_526_uiName,, ,,,
char_527_uiName,, ,,,
char_530_uiName,, ,,,
char_531_uiName,, ,,,
char_538_uiName,,,,,
char_557_uiName,, ,,,
char_558_uiName,, ,,,
char_559_uiName,, ,,,
char_560_uiName,, ,,,
char_561_uiName,, ,,,
char_562_uiName,, ,,,
char_587_uiName,, ,,,
char_708_uiName,,Guver,,,
char_709_uiName,,Vinařka,,,
char_710_uiName,,Sýrař,,,
char_711_uiName,,Šperkař,,,
char_713_uiName,,Vinař,,,
