id,text_EN,text_CZ,text,modified,note,onlyid
ui_nm_a_camp_proof_bandit,Bandit leader's spurs,Ostruhy vůdce lapků,盗賊の首領の拍車,盗賊の首領の拍車,
ui_nm_a_camp_proof_cuman,Cuman leader's mask,Maska kumánského velitele,クマン人の首領のマスク,クマン人の首領のマスク,
ui_nm_abbots_list,Novice acceptance records,Přijímací protokoly noviců,入門者受け入れ記録,入門者受け入れ記録,
ui_nm_alchemyOil,Oleum,olej,オレウム,オレウム,
ui_nm_alchemySpiritus,Spiritus,kořalka,スピリタス,スピリタス,
ui_nm_alchemyWater,Aqua,voda,アクア,アクア,
ui_nm_alchemyWine,Vinum,víno,ウィヌム,ウィヌム,
ui_nm_antisleep_potion_bundle,Pack of sleeping potions,Spánkové lektvary pro vojáky,睡眠ポーションの包み,睡眠ポーションの包み,
ui_nm_AntlersNew,Antlers,Jelení parohy,鹿の角,鹿の角,
ui_nm_apple,Apple,Jablko,リンゴ,リンゴ,
ui_nm_apple_cooked,Cooked apple,Vařené jablko,焼きリンゴ,焼きリンゴ,
ui_nm_apple_dried,Dried apple,Sušené jablko,干しリンゴ,干しリンゴ,
ui_nm_apron_001,Apron,Zástěra,エプロン,エプロン,
ui_nm_apron_002,Blacksmith's apron,Zástěra kovářská,鍛冶屋のエプロン,鍛冶屋のエプロン,
ui_nm_apron_003,Leather apron,Zástěra kožená ,革のエプロン,革のエプロン,
ui_nm_arrow_bad,Poor quality arrow,Nekvalitní šíp,粗末な矢,粗末な矢,
ui_nm_arrow_broken,Broken arrow,Zlomený šíp,折れた矢,折れた矢,
ui_nm_arrow_common,Ordinary arrow,Obyčejný šíp,ありきたりな矢,平凡な矢,
ui_nm_arrow_enh_hunter,Better hunting arrow,Šíp lovecký lepší,良質な狩猟用の矢,良質な狩猟用の矢,
ui_nm_arrow_enh_long,Long-distance arrow,Šíp dalekonosný,遠飛の矢,遠飛の矢,
ui_nm_arrow_enh_pierce,Better piercing arrow,Šíp průbojný lepší,良質な貫通の矢,良質な貫通の矢,
ui_nm_arrow_EXAMPLE,New test arrow,Nový testovací šíp,新規テスト用矢,新規テスト用矢,
ui_nm_arrow_floating,Tournament arrow,Šíp turnajový,トーナメント用の矢,競技会用の矢,
ui_nm_arrow_good,Quality arrow,Šíp kvalitní,質のいい矢,質のいい矢,
ui_nm_arrow_hunter,Hunting arrow,Šíp lovecký,狩猟の矢,狩猟の矢,
ui_nm_arrow_pierce,Piercing arrow,Šíp průbojný,貫通の矢,貫通の矢,
ui_nm_arrow_testing,Better long-distance arrow,Šíp dalekonosný lepší,良質な遠飛の矢,良質な遠飛の矢,
ui_nm_aus_plat,Augsburg plate pauldrons,Ramena plátová augšpurská,アウグスブルク式プレートポールドロン,アウグスブルクのプレートポールドロン,
ui_nm_aus_plat_noh,Augsburg plate chausses,Nohy plátové augšpurské,アウグスブルク式プレートショース,アウグスブルクのプレートショース,
ui_nm_auspurk_ruka,Augsburg gauntlets,Rukavice augšpurské,アウグスブルク式ガントレット,アウグスブルクのガントレット,
ui_nm_avalon_steel,Foreign steel,Cizozemská ocel,外国産の鋼鉄,外国産の鋼鉄,
ui_nm_axe,Axe,Sekera,斧,斧,
ui_nm_axe_EXAMPLE,Test axe,Testovací sekera,テスト斧,テスト斧,
ui_nm_axe_expensive_01,Metal-plated battle axe,Sekera válečná okovaná,装飾されたバトルアックス,装飾された戦斧,
ui_nm_axe_expensive_02,Metal-plated battle axe,Válečná sekera okovaná,装飾されたバトルアックス,装飾された戦斧,
ui_nm_bacchus_ring,Ring of Bacchus,Bakchův prsten,バッカスの指輪,バッカスの指輪,
ui_nm_bacon,Bacon,Slanina,ベーコン,ベーコン,
ui_nm_bailiffs_mace,Bailiff's mace,Bulava rychtářská,執行官のメイス,執行官のメイス,
ui_nm_bandage,Bandage,Obvaz,包帯,包帯,
ui_nm_bandit_ear,Bandit's ear,Ucho lapky,盗賊の耳,盗賊の耳,
ui_nm_bardiche,Bardiche,Bardyše,バルディッシュ,バルディッシュ,
ui_nm_battle_axe,Axe,Sekera válečná,アックス,アックス,
ui_nm_batvat,Padded coif,Batvat,パッデッドコイフ,パッド付き頭巾,
ui_nm_batvat_cer,Dark padded coif,Batvat černěný,ダークパッデッドコイフ,暗色のパッド付き頭巾,
ui_nm_bauers_cross,Wooden cross,Dřevěný kříž,木の十字架,木の十字架,
ui_nm_bavorsky_haube,Decorated Bavarian hauberk,Hauberk bavorský zdobený,装飾されたバイエルン式ホーバーク,バイエルンの装飾されたホーバーク,
ui_nm_bearded_axe,Bardiche,Bradatice,バルディッシュ,バルディッシュ,
ui_nm_bedrich_key,Scribe Friedrich's study key,Písařův klíč,書記官フリードリヒの書斎の鍵,書記官の鍵,
ui_nm_beefMeat,Beef,Hovězí maso,牛肉,牛肉,
ui_nm_beefMeat_cooked,Cooked beef,Hovězí maso vařené,焼き牛肉,焼き牛肉,
ui_nm_beefMeat_dried,Dried beef,Sušené hovězí maso,干した牛肉,干した牛肉,
ui_nm_beefMeat_smoked,Smoked beef,Uzené hovězí maso,牛肉の燻製,牛肉の燻製,
ui_nm_beer_for_henry,Beer for Henry,Pivo pro Jindřicha,ヘンリーのためのビール,インジフのためのビール,
ui_nm_beer_jug2,Beer,Pivo,ビール,ビール,
ui_nm_beer_recipe,Beer recipe,Recept na pivo,ビールのレシピ,ビールのレシピ,
ui_nm_beet,Beet  ,Řepa,テンサイ  ,テンサイ,
ui_nm_beet_cooked,Boiled beet,Vařená řepa,焼きテンサイ,焼きテンサイ,
ui_nm_berans_chalice,Beran's cup,Beranův kalich,ベランのコップ,ベランのコップ,
ui_nm_bill,Italian bill,Sudlice italská,イタリアンビル,イタリアのビル,
ui_nm_bird_trap_empty,Empty bird cage,Ptačí past prázdná,空の鳥かご,空の鳥かご,
ui_nm_bird_trap_full,Bird trap,Ptačí past,鳥の罠,鳥の罠,
ui_nm_black_feather,Black feathers,Černé peří,黒の羽毛,黒の羽毛,
ui_nm_blankas_ring,Bianca's ring,Blančin prstýnek,ビアンカの指輪,ブランカの指輪,
ui_nm_boar_meat,Boar meat,Maso z divočáka,イノシシの肉,イノシシの肉,
ui_nm_boar_meat_cooked,Cooked boar meat,Vařené maso z divočáka,焼きイノシシ肉,焼きイノシシ肉,
ui_nm_boar_meat_dried,Dried boar meat,Sušené maso z divočáka,干したイノシシの肉,干したイノシシの肉,
ui_nm_boar_meat_smoked,Smoked boar meat,Uzené maso z divočáka,イノシシの燻製肉,イノシシの燻製肉,
ui_nm_bohemian_earspoon,Bohemian earspoon,Sudlice ušatá,ボヘミアの耳かき,ボヘミアの耳かき,
ui_nm_bohuta_church_key,Key to church steeple,Klíč od kostelní věže,教会の尖塔の鍵,教会の尖塔の鍵,
ui_nm_boletus,Boletus edulis,Hřib pravý,ポルチーニ,ポルチーニ,
ui_nm_boletus_cooked,Cooked boletus,Vařený hřib pravák,焼きポルチーニ,焼きポルチーニ,
ui_nm_boletus_dried,Dried boletus,Sušený hřib pravák,干したポルチーニ,干したポルチーニ,
ui_nm_bone,Bone,Kůstka ,骨,骨,
ui_nm_book_for_transcription,Latin book I,Latinská kniha I,ラテン語の書物I,ラテン語の書物I,
ui_nm_book_for_transcription2,Latin book II,Latinská kniha II,ラテン語の書物II,ラテン語の書物II,
ui_nm_book_for_transcription3,Latin book III,Latinská kniha III,ラテン語の書物III,ラテン語の書物III,
ui_nm_book_for_transcription4,Latin book IV,Latinská kniha IV,ラテン語の書物IV,ラテン語の書物IV,
ui_nm_book_for_transcription5,Latin book V,Latinská kniha V,ラテン語の書物V,ラテン語の書物V,
ui_nm_book_for_transcription6,Latin book VI,Latinská kniha VI,ラテン語の書物VI,ラテン語の書物VI,
ui_nm_book_of_poems,Anthology of Love Poems,Soubor milostných básní,愛の詩集,愛の詩集,
ui_nm_book_smolna_kniha,Black Chronicle of Rattay,Smolná kniha města Ratají,ラタイェの黒の調書,ラタイェの黒の調書,
ui_nm_boots_001,Footwraps and soles,Krpce a ovinky,フットラップとソール,靴底付きのフットラップ,
ui_nm_boots_001_dark,Dark footwraps and soles,Krpce a ovinky tmavé ,ダークフットラップとソール,暗色の靴底付きフットラップ,
ui_nm_boots_002,Old boots,Krpály,古いブーツ,古いブーツ,
ui_nm_boots_003,Slippers,Střevíce,スリッパ,スリッパ,
ui_nm_boots_004,Working boots,Boty pracovní,ワーキングブーツ,ワーキングブーツ,
ui_nm_boots_005,Decorated riding boots,Boty jezdecké zdobené,装飾されたライディングブーツ,装飾された乗馬ブーツ,
ui_nm_boots_006,Burgher's slippers,Střevíce měšťanské ,市民のスリッパ,市民のスリッパ,
ui_nm_boots_007,Fashionable slippers,Střevíce módní,お洒落なスリッパ,お洒落なスリッパ,
ui_nm_boots_008,Boots,Boty vysoké,ブーツ,ブーツ,
ui_nm_boots_009,Hunting boots,Boty lovecké,ハンティングブーツ,狩猟用のブーツ,
ui_nm_boots_010,Riding boots,Boty jezdecké,ライディングブーツ,乗馬ブーツ,
ui_nm_boots_010_color_var_A,Riding boots,Boty jezdecké světlé,ライディングブーツ,乗馬ブーツ,
ui_nm_boots_010_color_var_B,Dark riding boots,Boty jezdecké tmavé,ライディングダークブーツ,暗色の乗馬ブーツ,
ui_nm_boots_011,Noble's shoes,Boty panské,貴族の靴,貴族の靴,
ui_nm_boots_012,Pilgrim's shoes,Škorně poutnické,巡礼者の靴,巡礼者の靴,
ui_nm_boots_012_bonus,Warhorse shoes,Boty válečného oře,戦馬のシューズ,軍馬のシューズ,
ui_nm_boots_013,Silent shoes,Boty tiché,サイレントシューズ,消音の靴,
ui_nm_boots_013_c2,Quiet dark shoes,Boty tiché tmavé,ダークサイレントシューズ,暗色の消音靴,
ui_nm_boots_014,Nobleman's boots,Škorně šlechtické,貴族のブーツ,貴族のブーツ,
ui_nm_boots_014_c2,Noble's dark shoes,Škorně šlechtické tmavé,黒い貴族の靴,黒い貴族の靴,
ui_nm_borjas_key,Borya's key,Borjův klíč,ボーリャの鍵,ボーリャの鍵,
ui_nm_bow_cheap,Villager's ash bow,Luk vesnický jasan,村人のアッシュボウ,村人のトネリコの弓,
ui_nm_bow_cheap2,Villager's dogwood bow,Luk vesnický svída,村人のドッグウッドボウ,村人のハナミズキの弓,
ui_nm_bow_cheap3,Villager's hazel bow,Luk vesnický líska,村人のヘーゼルボウ,村人のハシバミの弓,
ui_nm_bow_cheap4,Villager's elm bow,Luk vesnický jilm,村人のエルムボウ,村人の楡の弓,
ui_nm_bow_cheap5,Villager's yew bow,Luk vesnický tis,村人のユーボウ,村人のイチイの弓,
ui_nm_bow_cuman_1,Cuman bow,Luk kumánský,クマン式の弓,クマン人の弓,
ui_nm_bow_cuman_2,Cuman bow,Luk kumánský,クマン式の弓,クマン人の弓,
ui_nm_bow_cuman_3,Cuman bow,Luk kumánský,クマン式の弓,クマン人の弓,
ui_nm_bow_cuman_4,Cuman bow,Luk kumánský,クマン式の弓,クマン人の弓,
ui_nm_bow_EXAMPLE,Example bow,Example luk,弓のサンプル,弓のサンプル,
ui_nm_bow_expensive,Ash longbow,Luk dlouhý jasan,アッシュロングボウ,トネリコの長弓,
ui_nm_bow_expensive2,Elm longbow,Luk dlouhý jilm,エルムロングボウ,楡の長弓,
ui_nm_bow_fortification,Villager's bow,Luk vesnický,村人の弓,村人の弓,
ui_nm_bow_good,Dogwood hunting bow,Luk lovecký svída,ドッグウッドハンティングボウ,ハナミズキの狩猟弓,
ui_nm_bow_good2,Yew longbow ,Luk dlouhý tis,ユーロングボウ ,イチイの長弓,
ui_nm_bow_light,Very light bow,Luk velmi lehký,超軽量弓,超軽量弓,
ui_nm_bow_light_adam,Adam's bow,Adamův luk,アダムの弓,アダムの弓,
ui_nm_bow_medium,Ash hunting bow,Luk lovecký jasan,アッシュハンティングボウ,トネリコの狩猟弓,
ui_nm_bow_medium2,Hazel hunting bow,Luk lovecký líska,ヘーゼルハンティングボウ,ハシバミの狩猟弓,
ui_nm_bow_medium3,Yew hunting bow,Luk lovecký tis,ユーハンティングボウ,イチイの狩猟弓,
ui_nm_bow_new_homes,Sinew bow,Šlacha,シニューボウ,腱の弓,
ui_nm_bow_test,Trial bow,Testovací luk,試練の弓,試練の弓,
ui_nm_bow_testing,Ordinary bow,Luk obyčejný,ありきたりな弓,平凡な弓,
ui_nm_branch,Topping-out,Glajcha,棟上げの枝,棟上げの枝,
ui_nm_breadQuarter,Bread,Chleba,パン,パン,
ui_nm_breadroll,Bread roll,Houska,ロールパン,ロールパン,
ui_nm_brig_col,Brigandine dyed pauldrons,Ramena k brigantině barvená,染色されたブリガンダインポールドロン,染色されたブリガンディンポールドロン,
ui_nm_brig_dark,Black brigandine pauldrons,Ramena k brigantině černěná,黒のブリガンダインポールドロン,黒のブリガンディンポールドロン,
ui_nm_brig_noh,Short brigandine chausses,Nohy podbíjené krátké,ショートブリガンダインショース,短いブリガンディンショース,
ui_nm_brig_ramena,Brigandine pauldrons,Ramena k brigantině,ブリガンダインポールドロン,ブリガンディンポールドロン,
ui_nm_brig_sas_rycht,Sasau Bailiff's brigandine,Brigantina sázavského rychtáře,ササウ執行官のブリガンダイン,サーザヴァ執行官のブリガンディン,
ui_nm_brigandine_001,Short-sleeved brigandine,Brigantina s krátkým rukávem,半袖のブリガンダイン,半袖のブリガンディン,
ui_nm_brigandine_009_bonus,Warhorse brigandine,Brigantina válečného oře,戦馬のブリガンダイン,軍馬のブリガンディン,
ui_nm_broad_axe,Broad axe,Sekera široká,ブロードアックス,幅広斧,
ui_nm_brocade,Brocade,Brokát,錦織,ブロケード,
ui_nm_bun,Pastry,Buchta,ペイストリー,ペイストリー,
ui_nm_burg_br_col,Aachen dyed brigandine,Brigantina burgundská barvená,染色されたアーヘン式ブリガンダイン,アーヘンの染色されたブリガンディン,
ui_nm_burg_br_dark,Aachen dark brigandine,Brigantina burgundská černěná,アーヘン式ダークブリガンダイン,アーヘンの暗色のブリガンディン,
ui_nm_burg_noh,Aachen brigandine chausses,Nohy burgundské podbíjené,アーヘン式ブリガンダインショース,アーヘンのブリガンディンショース,
ui_nm_burg_zdob_noh,Aachen decorated chausses,Nohy burgundské zdobené ,装飾されたアーヘン式ショース,アーヘンの装飾ショース,
ui_nm_burgund_ruka,Aachen gauntlets,Rukavice burgundské,アーヘン式ガントレット,アーヘンのガントレット,
ui_nm_ca_collar_001,Mail collar,Límec kroužkový,メイルカラー,鎖襟,
ui_nm_ca_hood_002,Mail coif,Kukla kroužková ,メイルコイフ,鎖頭巾,
ui_nm_ca_hood_003,Noble's mail coif,Kukla kroužková panská,貴族のメイルコイフ,貴族の鎖頭巾,
ui_nm_ca_hood_003_bonus,Warhorse coif,Kukla válečného oře,戦馬のコイフ,軍馬のコイフ,
ui_nm_ca_hood_004,Mail coif,Kukla kroužková,メイルコイフ,鎖頭巾,
ui_nm_ca_hood_005,Decorated mail coif,Kukla kroužková zdobená,装飾されたメイルコイフ,装飾された鎖頭巾,
ui_nm_ca_hood_006,Elongated mail coif,Kukla kroužková prodloužená ,ロングメイルコイフ,長い鎖頭巾,
ui_nm_ca_hood_008,Noble's mail collar,Límec kroužkový panský,貴族のメイルカラー,貴族の鎖襟,
ui_nm_ca_hood_009,Reinforced mail collar,Límec kroužkový zesílený,強化メイルカラー,強化鎖襟,
ui_nm_ca_shirt_003_bonus,Warhorse hauberk,Hauberk válečného oře,戦馬のホーバーク,軍馬のホーバーク,
ui_nm_cabbage,Cabbage,Zelí,キャベツ,キャベツ,
ui_nm_cabbage_cooked,Boiled cabbage,Vařené zelí,焼きキャベツ,焼きキャベツ,
ui_nm_cap,Coif,Čepec,コイフ,頭巾,
ui_nm_caponBow,Capon's hunting bow,Luk lovecký Jana Ptáčka,カポンのハンティングボウ,プターチェクの狩猟弓,
ui_nm_captains_mace,Captain's mace,Bulava hejtmanská,隊長のメイス,隊長のブラヴァ,
ui_nm_captive_letter,Captive's letter,Dopis zajatého lapky,捕虜の手紙,捕虜の手紙,
ui_nm_carpenters_axe,Carpenter's axe,Tesařská širočina,大工の斧,大工の斧,
ui_nm_carrot,Carrot,Mrkev,ニンジン,ニンジン,
ui_nm_carrot_cooked,Boiled carrot,Vařená mrkev,焼きニンジン,焼きニンジン,
ui_nm_ceremonial_mace,Ceremonial mace,Bulava zdobená,セレモニアルメイス,儀礼用ブラヴァ,
ui_nm_chalice_glass,Glass goblet,Skleněná číše,ガラスの杯,ガラスの杯,
ui_nm_chaperon_001_black,Black chaperon,Chaperon černý,黒のシャペロン,黒のシャペロン,
ui_nm_chaperon_001_blue,Blue chaperon,Chaperon modrý,青のシャペロン,青のシャペロン,
ui_nm_chaperon_001_red,Red chaperon,Chaperon červený,赤のシャペロン,赤のシャペロン,
ui_nm_chaperon_001_yelow,Yellow chaperon,Chaperon žlutý,黄色のシャペロン,黄色のシャペロン,
ui_nm_chaperon_pavelkolin,Pavel of Kolin's chaperon,Šaperon Pavla z Kolína,コリーンのパヴェルのシャペロン,〈コリーンのパヴェル〉のシャペロン,
ui_nm_charl_bonedust,Bone powder of St. Thomas,Prach z kosti sv. Tomáše,聖トーマスの骨粉,聖トマーシュの骨粉,
ui_nm_charl_crystal,Kyffhauser crystal,Kyffhauserský křišťál,キュフホイザーのクリスタル,キュフホイザーのクリスタル,
ui_nm_charl_frenchcandle,French altar candle,Oltářní svíce z Francie,フランスの祭壇用ろうそく,フランスの祭壇用ろうそく,
ui_nm_charl_horndust,Powdered unicorn horn,Prach z rohu jednorožce,ユニコーンの角の粉末,ユニコーンの角の粉末,
ui_nm_charl_mandragora,Mandrake root,Kořen mandragory,マンドレイクの根,マンドレイクの根,
ui_nm_charl_salt,Salt of St. James' Madonna,Sůl Svatojakubské madony,聖ジェームズ教会の聖女の塩,聖ジェームズ教会の聖女の塩,
ui_nm_charl_urim_thumim,Urim and Thummim,Urim a Thumim,ウリムとトンミム,ウリムとトンミム,
ui_nm_charl_wine,Rosehip wine,Víno z růžového keře,ローズヒップのワイン,ローズヒップのワイン,
ui_nm_charlatan_tunic,Charlatan's tunic,Šarlatánova tunika,山師のチュニック,山師のチュニック,
ui_nm_cheese_quarter,Cheese,Sýr,チーズ,チーズ,
ui_nm_cheese_quarter_dried,Dried cheese,Sušený sýr,ドライチーズ,ドライチーズ,
ui_nm_cheese_quarter_smoked,Smoked cheese,Uzený sýr,燻製チーズ,燻製チーズ,
ui_nm_chest,Wooden trunk,Dřevěná truhlice,木製トランク,木製トランク,
ui_nm_chicken_thigh,Roast chicken,Pečené kuřecí maso,ローストチキン,ローストチキン,
ui_nm_ChickenHeart,Chicken heart,Kuřecí srdíčko,ニワトリの心臓,ニワトリの心臓,
ui_nm_ChickenHeart_cooked,Cooked chicken heart,Kuřecí srdíčko vařené,焼き鶏ハツ,焼き鶏ハツ,
ui_nm_club,Bludgeon,Obuch,棍棒,棍棒,
ui_nm_coffee,Coffee,Kafe,コーヒー,コーヒー,
ui_nm_collier_loot,Charcoal-burner's loot,Uhlířův lup,炭焼き職人の持ち物,炭焼き職人の持ち物,
ui_nm_coopers_axe,Cooper's axe,Sekera bednářská,クーパーの斧,樽職人の斧,
ui_nm_corpses_ring,Dead man's ring,Prsten nebožtíka,死人の指輪,死人の指輪,
ui_nm_cotte_001,Plain chemise,Šaty spodní prosté,地味なシュミーズ,地味なシュミーズ,
ui_nm_cotte_002,Beggar's tunic,Kytlice žebrácká ,物乞いのチュニック,物乞いのチュニック,
ui_nm_cotte_002_color_B,Beggar's dark tunic,Kytlice žebrácká tmavá,物乞いのダークチュニック,物乞いのダークチュニック,
ui_nm_cotte_003,Townswoman's dress,Šaty měšťanské,町の女性のドレス,町の女性のドレス,
ui_nm_cotte_004_c1,Common dress,Šaty obyčejné,普通のドレス,普通のドレス,
ui_nm_cotte_004_c1_apron,Dress and apron,Šaty se zástěrou,ドレスとエプロン,ドレスとエプロン,
ui_nm_cotte_005,Plain dress,Šaty každodenní,晴れ着のドレス,晴れ着のドレス,
ui_nm_cotte_006,Everyday dress,Šaty každodenní,装飾されたドレス,装飾されたドレス,
ui_nm_cotte_007,Festive dress,Šaty se zdobením,祝祭用のドレス,祝祭用のドレス,
ui_nm_cotte_apron_001,Servant's dress,Šaty služebné,召使いの服,召使いの服,
ui_nm_cow_antidote,Cow antidote,Protijed pro krávu,牛の解毒薬,牛の解毒薬,
ui_nm_cow_antidote_wrong,Cow antidote wrong,Protijed pro krávy,牛の解毒薬（無効）,牛の解毒薬（無効）,
ui_nm_cow_poison,Cow poison,Jed pro krávy,牛用毒薬,牛用毒薬,
ui_nm_cow_tongue,Beef tongue,Hovězí jazyk,牛のタン,牛のタン,
ui_nm_cow_tongue_cooked,Cooked beef tongue,Vařený hovězí jazyk,焼き牛タン,焼き牛タン,
ui_nm_cracklings,Cracklings,Škvarky,クラックリング,クラックリング,
ui_nm_cream,Cream,Smetana,クリーム,クリーム,
ui_nm_crossguard,Crossguard for new sword,Záštita pro otcův meč,新たな剣のためのクロスガード,新たな剣のためのクロスガード,
ui_nm_crystal_meth,Crystal meth,Šmakuláda,高揚のクリスタルメス,高揚のクリスタルメス,
ui_nm_cuman_axe,Cuman axe,Sekera kumánská,クマン式アックス,クマン人の斧,
ui_nm_cuman_boots,Cuman riding boots,Boty kumánské jezdecké,クマン式ライディングブーツ,クマン人の乗馬ブーツ,
ui_nm_cuman_caftan,Cuman caftan,Kaftan kumánský ,クマン式カフタン,クマン人のカフタン,
ui_nm_cuman_caftan_002,Long Cuman caftan,Kaftan kumánský dlouhý,クマン式ロングカフタン,クマン人の長いカフタン,
ui_nm_cuman_chest_disguise,Cuman disguise,Kumánský převlek,クマン人の変装鎧,クマン人の変装鎧,
ui_nm_cuman_chest_magic_disguise,Magical Cuman disguise,Magický kumánský převlek,マジカルクマン式変装鎧,魔法のクマン人の変装鎧,
ui_nm_cuman_ear,Cuman ear,Ucho zabitého Kumána,クマン人の耳,クマン人の耳,
ui_nm_cuman_helmet_disguise,Cuman mask,Kumánská maska,クマン人の変装マスク,クマン人の変装マスク,
ui_nm_cuman_helmet_magic_disguise,Magic Cuman mask,Magická kumánská maska,マジカルクマン式マスク,魔法のクマン人の面,
ui_nm_cuman_jacket_001,Cuman cotehardie,Kabátec kumánský,クマン式コタルディ,クマン人のコルタディ,
ui_nm_cuman_trousers_001_base,Cuman riding breeches,Nohavice kumánské jezdecké,クマン式ライディングブリーチズ,クマン人の乗馬用股引,
ui_nm_cuman_tunic_001,Beige Cuman tunic,Tunika kumánská béžová,ベージュのクマン式チュニック,クマン人のベージュのチュニック,
ui_nm_cuman_tunic_002,Cuman tunic,Tunika kumánská,クマン式チュニック,クマン人のチュニック,
ui_nm_cuman_tunic_002_colorVar_01,Yellow Cuman tunic,Tunika kumánská žlutá,黄色のクマン式チュニック,クマン人の黄色いチュニック,
ui_nm_cuman_tunic_002_colorVar_02,Green Cuman tunic,Tunika kumánská zelená,緑のクマン式チュニック,クマン人の緑色のチュニック,
ui_nm_custodian_orders,Custodian's orders,Pověřovací listina,管理人の命令,管理人の命令,
ui_nm_dagger_01,Dagger,Dýka,短剣,短剣,
ui_nm_dagger1,Dagger,Dýka,短剣,短剣,
ui_nm_damasc,Damask,Damašek,ダマスク織,ダマスク織,
ui_nm_dandelion_syrup,Syrup,Syrup (NEBUDE),シロップ,シロップ,
ui_nm_decorated_dagger,Ornamented dagger,Dýka zdobená,装飾された短剣,装飾された短剣,
ui_nm_deer_meat,Venison,Zvěřina,鹿肉,鹿肉,
ui_nm_deerMeat_dried,Dried venison,Sušené jelení maso,干した鹿肉,干した鹿肉,
ui_nm_demijohn_01,Spirits,Pálenka,酒,酒,
ui_nm_devil,Devil's costume,Ďáblův oblek,悪魔のコスチューム,悪魔のコスチューム,
ui_nm_dieBlueprints,Engraver's documents,Rytecké dokumenty,彫刻師の書類,彫刻師の書類,
ui_nm_divisLetter,Letters for Sir Divish,Dopisy pro Diviše,ディビシュ卿への手紙,ディヴィシュ卿への手紙,
ui_nm_doe_kidney,Roe-deer kidneys,Srnčí ledvinky,ノロジカの腎臓,ノロジカの腎臓,
ui_nm_doe_kidney_cooked,Cooked roe-deer kidneys,Vařené srnčí ledvinky,焼いたノロジカの腎臓,焼いたノロジカの腎臓,
ui_nm_doeMeat,Roe-deer venison,Srnčí maso,ノロジカの肉,ノロジカの肉,
ui_nm_doeMeat_cooked,Cooked roe-deer venison,Vařené srnčí maso,焼きノロジカ肉,焼きノロジカ肉,
ui_nm_doeMeat_dried,Dried roe venison,Sušené srnčí maso,干したノロジカの肉,干したノロジカの肉,
ui_nm_doeMeat_smoked,Smoked roe venison,Uzené srnčí maso,ノロジカの肉の燻製,ノロジカの肉の燻製,
ui_nm_dog_lard,Dog lard  ,Psí sádlo,犬の脂  ,犬の脂,
ui_nm_dog_meat,Dog meat,Psí maso,犬の肉,犬の肉,
ui_nm_dog_meat_cooked,Cooked dog meat,Vařené psí maso,焼き犬肉,焼き犬肉,
ui_nm_dog_meat_dried,Dried dog meat,Sušené psí maso,干し犬肉,干し犬肉,
ui_nm_dog_meat_smoked,Smoked dog meat,Uzené psí maso,犬の燻製肉,犬の燻製肉,
ui_nm_dog_mode,Current command,Aktuální povel,現在のコマンド,現在のコマンド,
ui_nm_doublet_001,Green doublet,Dublet zelený,緑のダブレット,緑のダブレット,
ui_nm_drahomiras_ring,Drahomira's ring,Drahomířin prsten,ドラホミーラの指輪,ドラホミーラの指輪,
ui_nm_dress_for_karolina,Dress for Karolina,Šaty pro Karolínu,カロリーナのためのドレス,カロリーナのためのドレス,
ui_nm_dried_fruit,Dried fruit,Sušené ovoce,ドライフルーツ,ドライフルーツ,
ui_nm_dried_mushroom,Dried mushrooms,Sušené houby,乾燥キノコ,乾燥キノコ,
ui_nm_droby,Offal,Droby,くず肉,くず肉,
ui_nm_droby_cooked,Cooked offal,Vařené droby,焼きくず肉,焼きくず肉,
ui_nm_drowned_sheep,Drowned sheep,Utopená ovce,おぼれた羊,おぼれた羊,
ui_nm_duck,Roast duck,Pečená kachna,ローストダック,ローストダック,
ui_nm_dvoj_klobouk,Two-piece kettle hat,Klobouk dvojdílný,ツーピースケトルハット,ツーピースケトルハット,
ui_nm_dvojpapezstvi,On the Papal Schism,O dvojpapežství,二人の教皇,二人の教皇,
ui_nm_edibleHorse,Horsemeat,Konina,馬肉,馬肉,
ui_nm_edibleHorse_cooked,Cooked horsemeat,Vařená konina,焼き馬肉,焼き馬肉,
ui_nm_edibleHorse_dried,Dried horse meat,Sušená konina,干し馬肉,干し馬肉,
ui_nm_edibleHorse_smoked,Smoked horse meat,Uzená konina,馬の燻製肉,馬の燻製肉,
ui_nm_egg,Egg,Vejce,卵,卵,
ui_nm_egg_hardboiled,Hardboiled egg,Vejce natvrdo,固ゆで卵,固ゆで卵,
ui_nm_empty_parchment,Blank parchment and charcoal,Prázdný pergamen a uhel,白紙の羊皮紙と木炭,白紙の羊皮紙と木炭,
ui_nm_executioner_coat_001,Men's cotehardie - green,Cotehardie pánské zelené,男性用コタルディ - 緑,緑色の男性用コタルディ,
ui_nm_executioner_coat_001_var_B,Brown noble cotehardie,Cotehardie pánské hnědé,貴族のブラウンコタルディ,茶色い貴族のコタルディ,
ui_nm_executioner_coat_001_var_C,Men's cotehardie - red,Cotehardie pánské červené,男性用コタルディ - 赤,赤色の男性用コタルディ,
ui_nm_executioner_coat_002,Decorated caftan,Kaftan zdobený,装飾されたカフタン,装飾されたカフタン,
ui_nm_executioner_rope_rotten,Executioner's rope - rotten,Katův nahnilý provaz,処刑人のロープ - 損傷あり,ぼろぼろの処刑人のロープ,
ui_nm_executioner_sword,Executioner's sword,Meč popravčí,処刑人の剣,処刑人の剣,
ui_nm_expensive_brocade,Fine brocade,Drahý brokát,上質な錦織,上質なブロケード,
ui_nm_fakeName,Fake name,fakeName,偽名,偽名,
ui_nm_fatherSword,Sir Radzig Kobyla's sword,Meč Racka Kobyly,ラジク・コビラ卿の剣,ラツェク卿の剣,
ui_nm_fejfar_siegecam_chest_key,Feyfar's trunk key,Klíč od Fejfarovy truhly,フェイファーのトランクの鍵,フェイファルのトランクの鍵,
ui_nm_felt_hat_brown,Brown felt hat,Čepec plstěný hnědý,茶色のフェルトハット,茶色のフェルト帽,
ui_nm_female_shoes,Lady's slippers,Střevíce dámské,レディーのスリッパ,レディーのスリッパ,
ui_nm_flute,Flute,Píšťalka,フルート,フルート,
ui_nm_flute_info,Simple wooden flute. Not too loud!,"Prostá píšťalka, která ovšem dokáže nadělat spoustu hluku.",簡素な木製のフルート。優しい音色が魅力。,簡素な木製のフルート。優しい音色が魅力。,
ui_nm_footwraps,Footwraps with leather sole,Krpce a ovinky,レザーソール付きフットラップ,レザーソール付きフットラップ,
ui_nm_gambeson_07_bonus,Warhorse gambeson,Gambeson válečného oře,戦馬のガンビスン,軍馬のガンビスン,
ui_nm_gamblers_chest,Trunk keys,Klíč od truhly,トランクの鍵束,トランクの鍵束,
ui_nm_garlic,Garlic,Česnek,ニンニク,ニンニク,
ui_nm_garlic_cooked,Cooked garlic,Vařený česnek,焼きニンニク,焼きニンニク,
ui_nm_gauntlets_bonus,Warhorse gauntlets,Rukavice válečného oře,戦馬のガントレット,軍馬のガントレット,
ui_nm_glaive,Glaive,Kůsa,グレイヴ,グレイヴ,
ui_nm_gold_chalice,Communion chalice,Pohár na mešní víno,聖餐用杯,聖餐用杯,
ui_nm_gold_cross,Gold cross,Zlatý kříž,金の十字架,金の十字架,
ui_nm_golden_egg,Golden egg,Zlaté vejce,黄金の卵,黄金の卵,
ui_nm_griddlecake,Sweet pancake,Sladká placka,甘いパンケーキ,甘いパンケーキ,
ui_nm_guisarme,Guisarme,Gizarma,ギザーム,ギザーム,
ui_nm_hagen_helmet,House of Zoul helmet,Přilba Zoulů,ゾール家の兜,ズール家の兜,
ui_nm_hagen_kyrys,House of Zoul cuirass,Kyrys rodu Zoulů,ゾール家のキュイラス,ズール家のキュイラス,
ui_nm_hagen_letter,Message for Sir Radzig,Vzkaz pro pana Racka,ラジク卿への手紙,ラツェク卿への手紙,
ui_nm_hagen_plat_noh,Zoul leg plate,Plátové nohavice Zoulů,ゾール家のレッグプレート,ズール家の脚甲,
ui_nm_hagen_ruce,Zoul arm plate,Plátové ruce Zoulů,ゾール家のアームプレート,ズール家の腕甲,
ui_nm_hagens_message,Hagen's letter,Hagenův dopis,ハーゲンの手紙,ハゲンの手紙,
ui_nm_halberd,Halberd,Halapartna,ハルバード,ハルバード,
ui_nm_halberd_example,Test polearm,Testovací sudlice,テストポールアーム,テストポールアーム,
ui_nm_hammer_quest,Signed hammer,Kovářovo kladivo,名前入りのハンマー,名前入りのハンマー,
ui_nm_hare_meat,Hare meat,Zaječí maso,ウサギの肉,ウサギの肉,
ui_nm_hare_meat_cooked,Cooked hare meat,Vařené zaječí maso,焼きウサギ肉,焼きウサギ肉,
ui_nm_hare_meat_dried,Dried hare meat,Sušené zaječí maso,ウサギの干し肉,ウサギの干し肉,
ui_nm_hare_meat_smoked,Smoked hare meat,Uzené zaječí maso,ウサギの燻製肉,ウサギの燻製肉,
ui_nm_hare_tail_q,Hare tail,Zaječí ocásek,ウサギのしっぽ,ウサギのしっぽ,
ui_nm_hat_001,Brown felt hat,Klobouk plstěný hnědý,茶色のフェルトハット,茶色のフェルトハット,
ui_nm_hat_001_gray,Grey felt hat,Klobouk plstěný šedý,灰色のフェルトハット,灰色のフェルトハット,
ui_nm_hat_001_green,Green felt hat,Klobouk plstěný zelený,緑のフェルトハット,緑のフェルトハット,
ui_nm_hat_001_olive,Olive felt hat,Klobouk plstěný olivový,オリーブ色のフェルトハット,オリーブ色のフェルトハット,
ui_nm_hat_001_red,Red felt hat,Klobouk plstěný červený,赤のフェルトハット,赤のフェルトハット,
ui_nm_hat_001_yellow,Yellow felt hat,Klobouk plstěný žlutý,黄色のフェルトハット,黄色のフェルトハット,
ui_nm_hat_002,Straw hat,Slamák,麦わら帽,麦わら帽,
ui_nm_hat_003,Cuman cap,Čapka kumánská,クマンの帽子,クマンの帽子,
ui_nm_hat_005,Miller's cap,Mlynářská čapka,粉屋の帽子,粉屋の帽子,
ui_nm_hat_006,Orange felt hat,Čepec plstěný oranžový,オレンジ色のフェルトハット,オレンジ色のフェルトハット,
ui_nm_hat_006_colorVar_A,Brown felt hat,Čepec plstěný hnědý,茶色のフェルトハット,茶色のフェルトハット,
ui_nm_hat_007,Pointed yellow hat,Čapka špičatá žlutá,黄色のシャープハット,黄色のシャープハット,
ui_nm_hat_007_green,Pointed green hat,Čapka špičatá zelená,緑のシャープハット,緑のシャープハット,
ui_nm_hat_007_red,Pointed red hat,Čapka špičatá červená,赤のシャープハット,赤のシャープハット,
ui_nm_hat_008,Hunting cap,Lovecká čepice,ハンティングキャップ,狩猟者の帽子,
ui_nm_hat_009,Fashionable hat,Módní klobouček,お洒落な帽子,お洒落な帽子,
ui_nm_hat_010,Red merchant's hat,Čepec kupecký červený,赤の商人の帽子,赤の商人の帽子,
ui_nm_hat_010_colorVar_B,Merchant's blue hat,Čepec kupecký modrý,青の商人の帽子,青の商人の帽子,
ui_nm_hat_010_colorVar_C,Green merchant's hat,Čepec kupecký zelený,緑の商人の帽子,緑の商人の帽子,
ui_nm_hat_011,Nobleman's hat,Čepec šlechtický,貴族の帽子,貴族の帽子,
ui_nm_hauberk,Hauberk,Hauberk,ホーバーク,ホーバーク,
ui_nm_head_scarf,Head scarf,Plachetka,ヘッドスカーフ,ヘッドスカーフ,
ui_nm_head_scarf_003,Wimple,Šlojíř,ウィンプル,ウィンプル,
ui_nm_head_scarf_004,Scarf,Šátek,スカーフ,スカーフ,
ui_nm_head_wreath_001,Head wreath,Obroučka,花冠,花冠,
ui_nm_heavy_battle_axe,Heavy battle axe,Sekera válečná těžká,ヘヴィバトルアックス,重い戦斧,
ui_nm_heavy_warhammer,Heavy warhammer,Válečné kladivo těžké,ヘヴィウォーハンマー,重い戦鎚,
ui_nm_hen_dead,Chicken,Kuře,ニワトリ,ニワトリ,
ui_nm_hen_dead_cooked,Cooked chicken,Vařené kuře,焼き鶏肉,焼き鶏肉,
ui_nm_hen_dead_dried,Dried chicken,Sušené kuřecí,干した鶏肉,干した鶏肉,
ui_nm_hen_dead_smoked,Smoked chicken,Uzené kuře,鶏肉の燻製,鶏肉の燻製,
ui_nm_herb_belladona,Belladonna,Rulík,ベラドンナ,ベラドンナ,
ui_nm_herb_chamomile,Chamomile,Heřmánek,カモミール,カモミール,
ui_nm_herb_comfrey,Comfrey,Kostival ,コンフリー,コンフリー,
ui_nm_herb_dandelion,Dandelion,Pampeliška ,タンポポ,タンポポ,
ui_nm_herb_eyewort,Eyebright,Světlík,コゴメバナ,コゴメバナ,
ui_nm_herb_hypericum,St. John's wort,Třezalka,セイヨウオトギリ,セイヨウオトギリ,
ui_nm_herb_marigold,Marigold,Měsíček ,マリーゴールド,マリーゴールド,
ui_nm_herb_mint,Mint,Máta,ミント,ミント,
ui_nm_herb_nightshade,Henbane,Blín,ヒヨス,ヒヨス,
ui_nm_herb_paris,Herb Paris,Vraní oko,ツクバネソウ,ツクバネソウ,
ui_nm_herb_poppy,Poppy,Vlčí mák,ケシ,ケシ,
ui_nm_herb_salvia,Sage,Šalvěj,セージ,セージ,
ui_nm_herb_thistle,Thistle,Bodlák,アザミ,アザミ,
ui_nm_herb_urticaria,Nettle,Kopřiva,イラクサ,イラクサ,
ui_nm_herb_valerian,Valerian,Kozlík,ヴァレリアン,ヴァレリアン,
ui_nm_herb_weed,Weed,Plevel,雑草,雑草,
ui_nm_herb_wormwood,Wormwood,Pelyněk ,ヨモギ,ヨモギ,
ui_nm_herring,Herring,Slaneček,ニシン,ニシン,
ui_nm_honey,Honey,Med,ハチミツ,ハチミツ,
ui_nm_hood_001_down,Brown hood,Kápě hnědá,茶色のフード,茶色のフード,
ui_nm_hood_006_down,Chequered red-blue hood,Kápě červeno-modrá kostkovaná,赤と青のチェックのフード,赤と青のチェックのフード,
ui_nm_hood_006_down_A,Black-yellow hood,Kápě černo-žlutá kostkovaná,黒と黄色のフード,黒と黄色のフード,
ui_nm_hood_black,Black hood,Kápě černá,黒のフード,黒のフード,
ui_nm_hood_black_white,Black and white hood,Kápě bílo-černá,黒と白のフード,黒と白のフード,
ui_nm_hood_black_yellow,Black and yellow hood,Kápě černo-žlutá,黒と黄色のフード,黒と黄色のフード,
ui_nm_hood_blc_yell_nob,Noble's black-yellow hood,Kápě panská černo-žlutá,黒と黄色の貴族のフード,黒と黄色の貴族のフード,
ui_nm_hood_blue,Blue hood,Kápě modrá,青のフード,青のフード,
ui_nm_hood_blue_green,Blue-green hood,Kápě modro-zelená,青と緑のフード,青と緑のフード,
ui_nm_hood_brown,Brown hood,Kápě hnědá,茶色のフード,茶色のフード,
ui_nm_hood_gray,Grey hood,Kápě šedá,灰色のフード,灰色のフード,
ui_nm_hood_gre_nob,Noble's green hood,Kápě panská zelená,緑の貴族のフード,緑の貴族のフード,
ui_nm_hood_green,Green hood,Kápě zelená,緑のフード,緑のフード,
ui_nm_hood_green_yellow,Green and yellow hood,Kápě půlená zeleno-žlutá,緑と黄色のフード,緑と黄色のフード,
ui_nm_hood_natural,Linen hood,Kápě lněná,リネンのフード,リネンのフード,
ui_nm_hood_radzig,Sir Radzig's hood,Kápě pana Racka Kobyly,ラジク卿のフード,ラツェク卿のフード,
ui_nm_hood_red,Red hood,Kápě červená,赤のフード,赤のフード,
ui_nm_hood_red_blue,Red-blue hood,Kápě červeno-modrá,赤と青のフード,赤と青のフード,
ui_nm_hood_red_nob,Red noble's hood,Kápě panská červená,赤の貴族のフード,赤の貴族のフード,
ui_nm_hood_red_white,Red and white hood,Kápě červeno-bílá,赤と白のフード,赤と白のフード,
ui_nm_hood_red_yellow,Red-yellow hood,Kápě červeno-žlutá,赤と黄色のフード,赤と黄色のフード,
ui_nm_hood_yell_nob,Noble's yellow hood,Kápě panská žlutá,貴族の黄色のフード,貴族の黄色のフード,
ui_nm_hood_yellow,Yellow hood,Kápě žlutá,黄色のフード,黄色のフード,
ui_nm_horse_armor_head_neck_001,Chanfron and criniere ,Šafron a criniere,チャンフロンとクリニエール ,チャンフロンとクリニエール,
ui_nm_horse_armor_head_neck_002,Steel chanfron,Šafron,鋼鉄のチャンフロン,鋼鉄のチャンフロン,
ui_nm_horse_armor_head_neck_003,Leather chanfron - red,Červená kožená maska,革のチャンフロン - 赤,赤い革のシャンフロン,
ui_nm_horse_armor_head_neck_003_blue,Leather chanfron - blue,Modrá kožená maska,革のチャンフロン - 青,青い革のシャンフロン,
ui_nm_horse_armor_head_neck_003_brown,Leather chanfron - plain,Kožená maska,革のチャンフロン - 無地,無地の革のシャンフロン,
ui_nm_horse_armor_head_neck_003_green,Leather chanfron - green,Zelená kožená maska,革のチャンフロン - 緑,緑色の革のシャンフロン,
ui_nm_horse_armor_head_neck_004,Simple plate chanfron,Jednoduchý šafron,簡素なプレートチャンフロン,簡素なプレートシャンフロン,
ui_nm_horse_bridle_001,Plain bridle,Uzda obyčejná,地味な馬勒,地味な馬勒,
ui_nm_horse_bridle_002,Groom's bridle,Uzda štolby,馬番の馬勒,馬番の馬勒,
ui_nm_horse_bridle_003,Cavalry bridle,Uzda jezdecká,騎兵の馬勒,騎兵の馬勒,
ui_nm_horse_bridle_004,Knight's bridle,Uzda rytířská,騎士の馬勒,騎士の馬勒,
ui_nm_horse_bridle_005,Noble bridle,Uzda šlechtická,貴族の馬勒,貴族の馬勒,
ui_nm_horse_caparison_001,Caparison,Čabraka,カパリスン,カパリソン,
ui_nm_horse_saddle_001,Plain saddle,Sedlo obyčejné,地味な鞍,地味な鞍,
ui_nm_horse_saddle_001a,Plain saddle with saddlebag,Sedlo obyčejné s brašnou,鞍袋付きの地味な鞍,鞍袋付きの地味な鞍,
ui_nm_horse_saddle_001b,Plain saddle (2 saddlebags),Sedlo obyčejné se dvěma brašnami,地味な鞍（鞍袋2個）,地味な鞍（鞍袋2個）,
ui_nm_horse_saddle_001c,Plain saddle (3 saddlebags),Sedlo obyčejné se třemi brašnami,地味な鞍（鞍袋3個）,地味な鞍（鞍袋3個）,
ui_nm_horse_saddle_001d,Plain saddle (4 saddlebags),Sedlo obyčejné se čtyřmi brašnami,地味な鞍（鞍袋4個）,地味な鞍（鞍袋4個）,
ui_nm_horse_saddle_002,Hunter saddle  ,Sedlo lovecké,狩人の鞍  ,狩人の鞍,
ui_nm_horse_saddle_002a,Hunter saddle (1 saddlebag),Sedlo lovecké s brašnou,狩人の鞍（鞍袋1個）,狩人の鞍（鞍袋1個）,
ui_nm_horse_saddle_002b,Hunter saddle (2 saddlebags),Sedlo lovecké se dvěma brašnami,狩人の鞍（鞍袋2個）,狩人の鞍（鞍袋2個）,
ui_nm_horse_saddle_002c,Hunter saddle (3 saddlebags),Sedlo lovecké se třemi brašnami,狩人の鞍（鞍袋3個）,狩人の鞍（鞍袋3個）,
ui_nm_horse_saddle_002d,Hunter saddle (4 saddlebags),Sedlo lovecké se čtyřmi brašnami,狩人の鞍（鞍袋4個）,狩人の鞍（鞍袋4個）,
ui_nm_horse_saddle_003,Fine saddle,Sedlo panské,高級な鞍,高級な鞍,
ui_nm_horse_saddle_003a,Fine saddle with saddlebag,Sedlo panské s brašnou,高級な鞍（鞍袋付き）,高級な鞍（鞍袋付き）,
ui_nm_horse_saddle_003b,Fine saddle (2 saddlebags),Sedlo panské se dvěma brašnami,高級な鞍（鞍袋2個）,高級な鞍（鞍袋2個）,
ui_nm_horse_saddle_003c,Fine saddle (3 saddlebags),Sedlo panské se třemi brašnami,高級な鞍（鞍袋3個）,高級な鞍（鞍袋3個）,
ui_nm_horse_saddle_003d,Fine saddle (4 saddlebags),Sedlo panské se čtyřmi brašnami,高級な鞍（鞍袋4個）,高級な鞍（鞍袋4個）,
ui_nm_horse_saddle_004,Noble saddle,Sedlo šlechtické,貴族の鞍,貴族の鞍,
ui_nm_horse_saddle_004a,Noble saddle with saddlebag,Sedlo šlechtické s brašnou,鞍袋付き貴族の鞍,鞍袋付き貴族の鞍,
ui_nm_horse_saddle_004b,Noble saddle (2 saddlebags),Sedlo šlechtické se dvěma brašnami,貴族の鞍（鞍袋2個）,貴族の鞍（鞍袋2個）,
ui_nm_horse_saddle_004c,Noble saddle (3 saddlebags),Sedlo šlechtické se třemi brašnami,貴族の鞍（鞍袋3個）,貴族の鞍（鞍袋3個）,
ui_nm_horse_saddle_004d,Noble saddle (4 saddlebags),Sedlo šlechtické se čtyřmi brašnami,貴族の鞍（鞍袋4個）,貴族の鞍（鞍袋4個）,
ui_nm_horse_shoe_001,Farm horseshoes,Podkovy sedlácké,農馬の蹄鉄,農馬の蹄鉄,
ui_nm_horse_shoe_002,Travel horseshoes,Podkovy cestovní,長距離用蹄鉄,長距離用蹄鉄,
ui_nm_horse_shoe_003,Noble horseshoes,Podkovy panské,貴族の蹄鉄,貴族の蹄鉄,
ui_nm_horse_shoe_004,Military horseshoes,Podkovy válečné,軍馬の蹄鉄,軍馬の蹄鉄,
ui_nm_horseradish,Horseradish,Křen,ホースラディッシュ,ホースラディッシュ,
ui_nm_horseradish_cooked,Cooked horseradish,Vařený křen,焼きホースラディッシュ,焼きホースラディッシュ,
ui_nm_hruby_gambe,Sturdy gambeson,Prošívanice hrubá,ハードガンビスン,丈夫なガンビスン,
ui_nm_hruby_gambe_cer,Sturdy dark gambeson,Prošívanice hrubá černěná,ダークハードガンビスン,暗色の丈夫なガンビスン,
ui_nm_hunting_spear,Hunting spear,Kopí lovecké,ハンティングスピア,狩猟槍,
ui_nm_hunting_sword_1,Seax,Tesák,スクラマサクス,サクス,
ui_nm_hunting_sword_2,Hunting sword,Tesák lovecký,ハンティングソード,狩猟用テサーク,
ui_nm_hunting_sword_3,Knight's hunting sword,Tesák bojový,騎士のハンティングソード,騎士のテサーク,
ui_nm_hunting_sword_4,Cleaver,Sekáč,クリーバー,クリーバー,
ui_nm_hunting_sword_5,Butcher's blade,Řeznická kudla,肉屋の包丁,肉屋の包丁,
ui_nm_hunting_sword_6,Noble's hunting sword,Tesák panský,貴族のハンティングソード,貴族のテサーク,
ui_nm_hunting_sword_7,Master Huntsman's sword,Tesák mistra lovčího,狩猟頭の剣,狩猟頭の剣,
ui_nm_hunting_sword_8,Falchion,Falchion,ファルシオン,ファルシオン,
ui_nm_hunting_sword_9,Decorated hunting sword,Tesák zdobený,飾り付きのハンティングソード,装飾のあるテサーク,
ui_nm_incendiary_bones,Humerus,Humerus,上腕骨,上腕骨,
ui_nm_incendiary_bones2,Cranium,Cranium,頭蓋骨,頭蓋骨,
ui_nm_incendiary_bones3,Thorax,Thorax,胸郭,胸郭,
ui_nm_incendiary_bones4,Femur,Femur,大腿骨,大腿骨,
ui_nm_incendiary_bones5,Manus,Manus,手の骨,手の骨,
ui_nm_inquisitor_letter,Inquisitor's retinue papers,Listina inkvizitorova doprovodu,異端審問官の従者の書類,異端審問官の従者の書類,
ui_nm_iron_hat,Kettle hat,Klobouk železný,ケトルハット,ケトルハット,
ui_nm_italsky_slap,Italian bascinet,Šlap italský,イタリアンバシネット,イタリアのバシネット,
ui_nm_jacket,Dagged cotehardie,Kabátec prostřihovaný,フラップ付きのコタルディ,フラップ付きのコタルディ,
ui_nm_jacket_001,Quilted brown jacket,Kabátec prošívaný hnědý,茶色のキルテッドジャケット,茶色のキルテッドジャケット,
ui_nm_jacket_001_racek,Black pourpoint,Pourpoint černý,黒のプールポワン,黒のプールポワン,
ui_nm_jacket_001_s_paskem,Pourpoint,Pourpoint,プールポワン,プールポワン,
ui_nm_jacket_003,Red vest,Vesta červená,赤のベスト,赤のベスト,
ui_nm_jacket_003_color_var_A,Decorated red vest,Vesta zdobená červená,装飾された赤のベスト,装飾された赤のベスト,
ui_nm_jacket_003_color_var_B,Decorated orange vest,Vesta zdobená oranžová,装飾されたオレンジ色のベスト,装飾されたオレンジ色のベスト,
ui_nm_jacket_v004,Buttoned red cotehardie,Kabátec se zapínáním červený,ボタン付きのレッドコタルディ,ボタン付きの赤いコルタディ,
ui_nm_jacket_v004_color_var_B,Buttoned green cotehardie,Kabátec zapínaný zelený,ボタン付きのグリーンコタルディ,ボタン付きの緑色のコルタディ,
ui_nm_jacket_v004_color_var_C,Buttoned grey cotehardie,Kabátec zapínaný šedý,ボタン付きのグレーコタルディ,ボタン付きの灰色のコルタディ,
ui_nm_jacket_v005,Brocade pourpoint,Pourpoint brokátový,錦織のプールポワン,ブロケードのプールポワン,
ui_nm_janaScarf,Grubby scarf,Ušmudlaný šátek,薄汚れたスカーフ,薄汚れたスカーフ,
ui_nm_jed_plat_noh,Common plate chausses,Nohy plátové jednoduché,プレートショース,プレートショース,
ui_nm_jedno_pla,Simple plate pauldrons,Ramena plátová jednoduchá,簡素なプレートポールドロン,簡素なプレートポールドロン,
ui_nm_jerky,Dried meat,Sušené maso,干し肉,干し肉,
ui_nm_jez_kyrys,Rider's cuirass,Kyrys jezdecký,騎手のキュイラス,騎手のキュイラス,
ui_nm_jupon_001,Dark pourpoint,Pourpoint tmavý,ダークプールポワン,暗色のプールポワン,
ui_nm_jupon_001_blue,Blue pourpoint,Pourpoint modrý,青のプールポワン,青のプールポワン,
ui_nm_jupon_001_hanus,Lords of Leipa pourpoint,Pourpoint pánů z Lipé,ライパ領主のプールポワン,リパー領主のプールポワン,
ui_nm_jupon_001_red,Red pourpoint,Pourpoint červený,赤のプールポワン,赤のプールポワン,
ui_nm_jupon_002,Red outer jacket,Prošívanice svrchní červená,赤のアウタージャケット,赤の外套,
ui_nm_jupon_003,Yellow outer jacket,Prošívanice svrchní žlutá,黄色のアウタージャケット,黄色の外套,
ui_nm_jupon_004,Brocade outer jacket,Prošívanice svrchní brokátová,錦織のアウタージャケット,ブロケードの外套,
ui_nm_jupon_005,Quartered combat jacket,Kabátec svrchní prošívaný čtvrcený,クォーターコンバットジャケット,四色分けの戦闘用上着,
ui_nm_jupon_005_c2,Dark combat jacket,Kabátec svrchní prošívaný tmavý,ダークコンバットジャケット,暗色の戦闘上着,
ui_nm_jupon_005_c3,Cuffed combat jupon,Bojový kabátec manžetový,カフ付きコンバットジャケット,袖付きの軍用上着,
ui_nm_jupon_005_c4,Black combat jacket,Kabátec svrchní prošívaný černý,黒のコンバットジャケット,黒の戦闘用上着,
ui_nm_jupon_006,Yellow combat jupon,Kabátec svrchní prošívaný žlutý,黄色のコンバットジュポン,黄色の戦闘用ジュポン,
ui_nm_jupon_007,Brocade combat jupon,Kabátec svrchní prošívaný brokátový,錦織のコンバットジュポン,錦織の戦闘用ジュポン,
ui_nm_jupon_008,Green outer vest,Vesta svrchní zelená,緑のアウターベスト,緑のアウターベスト,
ui_nm_jupon_008_c2,Quartered outer vest,Vesta svrchní čtvrcená,クォーターアウターベスト,クォーターアウターベスト,
ui_nm_jupon_009,Blue combat jupon,Kabátec svrchní prošívaný modrý,青のコンバットジュポン,青のコンバットジュポン,
ui_nm_jupon_010,Decorated combat jacket,Kabátec svrchní prošívaný zdobný,装飾されたコンバットジャケット,装飾されたコンバットジャケット,
ui_nm_kapalin,Kettle hat,Kapalín,ケトルハット,ケトルハット,
ui_nm_kapalin_zdob,Kettle hat decorated,Kapalín zdobený,装飾されたケトルハット,装飾されたケトルハット,
ui_nm_karel_IV,Charles IV,Karel IV.,チャールズ4世,カレルI世,
ui_nm_karolinas_scarf,Karolina's shawl,Karolínin šátek,カロリーナのショール,カロリーナのショール,
ui_nm_key_adela,Key to baths,Klíč od šmajchlkabinetu,浴場の鍵,浴場の鍵,
ui_nm_keyname_chests,Trunk key,Klíč k truhlám,トランクの鍵,トランクの鍵,
ui_nm_keyname_counterfiters_shed_key,Shed key,Klíč od šopy,納屋の鍵,納屋の鍵,
ui_nm_keyname_doors,Door key,Klíč od dveří,扉の鍵,扉の鍵,
ui_nm_keyname_eriks_chest,Erik's trunk keys,Klíč od Erikovy truhly,エリックのトランクの鍵,エリクの鞄の鍵,
ui_nm_keyname_hrncir_doors,Potter's house key,Klíč od hrnčířova domu,陶器職人の家の鍵,陶器職人の家の鍵,
ui_nm_keyname_inquisitor_key_chests,Inquisitor's keys,Inkvizitorovy klíče,異端審問官の鍵,異端審問官の鍵,
ui_nm_keyname_lukas_chest,Sir Erhart's chest key,Klíč od truhly pana Lukáše,エアハート卿のチェストの鍵,ルカーシュ卿の櫃の鍵,
ui_nm_keyname_matej_chest,Matthias' trunk key,Klíč od Matějovy truhly,マタイアスのトランクの鍵,マチェイのトランクの鍵,
ui_nm_keyname_revelation_murderer_treasure,Bandit's trunk key,Lapkův klíč,盗賊のトランクの鍵,盗賊のトランクの鍵,
ui_nm_keyname_vk_rat_guard_secret_key,Rattay secret door key,Klíč od ratajské fortny,ラタイェの秘密の鍵,ラタイェの秘密の鍵,
ui_nm_keyring,Bandit's trunk key,Klíč od truhly banditů,盗賊のトランクの鍵,盗賊のトランクの鍵,
ui_nm_keyring_doors,Door keys,Klíče ode dveří,扉の鍵束,扉の鍵束,
ui_nm_keyring_stashes,Trunk keys,Klíče od truhel,トランクの鍵束,トランクの鍵束,
ui_nm_keyringPtacek,Sir Hans Capon's keys,Klíče pana Ptáčka,ハンス・カポン卿の鍵,ヤン゠プターチェク卿の鍵,
ui_nm_kidney,Deer kidneys,Jelení ledvinky,鹿の腎臓,鹿の腎臓,
ui_nm_kidney_cooked,Cooked deer kidneys,Vařené jelení ledvinky,焼き鹿の腎臓,焼き鹿の腎臓,
ui_nm_kielbasas_smoked,Smoked sausage,Uzená klobása,燻製ソーセージ,燻製ソーセージ,
ui_nm_klen_slap,Arching bascinet,Šlap s hledím,アーチングバシネット,アーチングバシネット,
ui_nm_konradk_house_key,Custodian's house key,Klíč od nápravníkova domu,管理人の家の鍵,管理人の家の鍵,
ui_nm_kozena_vesta,Leather jerkin,Vesta kožená,レザージャーキン,レザージャーキン,
ui_nm_kozene_ruka,Leather gloves,Rukavice kožené,レザーグローブ,レザーグローブ,
ui_nm_kralovstvi_ceske,The Kingdom of Bohemia,Království české,ボヘミア王国,ボヘミア王国,
ui_nm_kraslice_b,Easter egg blue,Kraslice modrá,青のイースターエッグ,青のイースターエッグ,
ui_nm_kraslice_g,Easter egg green,Kraslice zelená,緑のイースターエッグ,緑のイースターエッグ,
ui_nm_kraslice_r,Easter egg red,Kraslice červená,赤のイースターエッグ,赤のイースターエッグ,
ui_nm_krouz_nohy,Mail chausses,Nohavice kroužkové,メイルショース,鎖ショース,
ui_nm_krouzkova_kosi,Chainmail,Košile kroužková ,チェーンメイル,鎖鎧,
ui_nm_kum_prilba,Cuman helmet,Přilbice kumánská,クマン式ヘルメット,クマン人の兜,
ui_nm_kuman_brig,Cuman brigandine,Brigantina kumánská,クマン式ブリガンダイン,クマン人のブリガンディン,
ui_nm_kuman_hauberk,Cuman hauberk,Hauberk kumánský,クマン式ホーバーク,クマン人のホーバーク,
ui_nm_kuman_lehka_pril,Light Cuman helmet,Přilbice kumánská lehká,クマン式ライトヘルメット,クマン人の軽い兜,
ui_nm_kuman_natep,Cuman vambraces,Nátepníky kumánské,クマン式ヴァンブレイス,クマン人のヴァンブレース,
ui_nm_kuman_postr,Cuman harness,Kumánský postroj,クマン式ハーネス,クマン人のハーネス,
ui_nm_kuman_sisak,Cuman shishak,Šišák kumánský,クマン式シシャーク,クマン人のシシャク,
ui_nm_kuman_velitelska,Cuman Captain's helmet,Přilbice kumánského velitele,クマン式キャプテンヘルメット,クマン人の指揮官の兜,
ui_nm_kuman_zdob_sis,Ornamented Cuman shishak,Šišák kumánský zdobený,装飾されたクマン式シシャーク,クマン人の装飾されたシシャク,
ui_nm_kumani,The Cumans,O Kumánech,クマン人,クマン人,
ui_nm_kurfirti,The Prince-Electors,O kurfiřtech,選帝侯,選帝侯,
ui_nm_kut_kyrys,Kuttenberg cuirass,Kyrys kutnohorský,クッテンバーク式キュイラス,クッテンベルクのキュイラス,
ui_nm_kutnohor_ruka,Kuttenberg gauntlets,Rukavice kutnohorské,クッテンバーク式ガントレット,クッテンベルクのガントレット,
ui_nm_kyeser_authorization,Forged leave of absence,Propouštěcí dokument,偽造された不在書,偽造された不在書,
ui_nm_kyeser_employContract,Karel's commission,Smlouva s Kyeserem,カレルの委任状,カレルの委任状,
ui_nm_kytlice_001,Red tunic,Suknice červená,赤のチュニック,赤のチュニック,
ui_nm_kytlice_001_blue,Blue long-sleeved tunic,Suknice modrá s dlouhým rukávem,青のロングスリーブチュニック,青色の長袖のチュニック,
ui_nm_kytlice_001_brown,Yellow-grey tunic,Suknice žluto-šedá,灰色のチュニック,灰色のチュニック,
ui_nm_kytlice_001_dark,Yellow-grey tunic,Suknice žluto-šedá,灰色のチュニック,灰色のチュニック,
ui_nm_kytlice_001_green,Green tunic,Suknice zelená,緑のチュニック,緑のチュニック,
ui_nm_kytlice_001_green_fejfar,Green tunic,Suknice zelená,緑のチュニック,緑のチュニック,
ui_nm_kytlice_001_miparty_02,Red-yellow tunic,Suknice červeno-žlutá,赤と黄色のチュニック,赤と黄色のチュニック,
ui_nm_kytlice_001_miparty_03,Grey tunic,Suknice šedá,灰色のチュニック,灰色のチュニック,
ui_nm_kytlice_001_rattay,Yellow-brown tunic,Suknice žluto-hnědá,黄色と茶色のチュニック,黄色と茶色のチュニック,
ui_nm_kytlice_001_red,Red tunic,Suknice červená,赤のチュニック,赤のチュニック,
ui_nm_kytlice_001_skalitz,Red tunic,Suknice červená,赤のチュニック,赤のチュニック,
ui_nm_kytlice_001_talmberg,Red tunic,Suknice červená,赤のチュニック,赤のチュニック,
ui_nm_kytlice_001_white,Grey tunic,Tunika šedá,灰色のチュニック,灰色のチュニック,
ui_nm_kytlice_001_yelow,Yellow tunic,Suknice žlutá,黄色のチュニック,黄色のチュニック,
ui_nm_lamb_meat,Mutton,Jehněčí maso,羊肉,羊肉,
ui_nm_lamb_meat_cooked,Cooked mutton,Vařené jehněčí maso,焼き羊肉,焼き羊肉,
ui_nm_lamb_meat_dried,Dried mutton,Sušené jehněčí maso,干した子羊肉,干した子羊肉,
ui_nm_lamb_meat_smoked,Smoked mutton,Uzené jehněčí maso,燻した子羊肉,燻した子羊肉,
ui_nm_lamela_ramen,Lamellar pauldrons,Nárameníky lamelové,ラメラーポールドロン,ラメラーポールドロン,
ui_nm_lap_brigan,Bandit's plate jack,Brigantina lapkovská,盗賊のプレートジャケット,盗賊のプレートジャケット,
ui_nm_lap_brigan_reinf,Bandit's reinforced jack,Brigantina lapkovská zesílená,盗賊の強化ジャケット,盗賊の強化ジャケット,
ui_nm_lard,Lard,Sádlo,ラード,ラード,
ui_nm_last_will,Will,Poslední vůle,遺言書,遺言書,
ui_nm_latin_exam,Latin text,Latinský text,ラテン語の巻物,ラテン語の巻物,
ui_nm_learnToRead_exam,The Golden Egg,Sedlák a husa,金の卵,金の卵,
ui_nm_leather_boots_HI_001,Leather boots ,Boty vysoké,レザーブーツ ,革のブーツ,
ui_nm_lebka,Skullcap,Lebka,スカルキャップ,スカルキャップ,
ui_nm_lebka_sup,Scaly skullcap,Lebka šupinová,スケイルスカルキャップ,鱗のスカルキャップ,
ui_nm_leh_brig_noh,Light brigandine chausses,Nohy k brigantině lehké,ライトブリガンダインショース,軽いブリガンディンショース,
ui_nm_lehka_brig,Light brigandine,Brigantina lehká,ライトブリガンダイン,軽いブリガンディン,
ui_nm_lehka_brig_dark,Lightweight dark brigandine,Brigantina lehká černěná,ダークライトブリガンダイン,暗色の軽いブリガンディン,
ui_nm_lehka_brig_short,Short light brigandine,Brigantina lehká krácená,ライトショートブリガンダイン,軽い短いブリガンディン,
ui_nm_lehka_lamel,Light lamellar armour,Zbroj lamelová lehká,ライトラメラーアーマー,軽いラメラーアーマー,
ui_nm_lentil_soup,Lentil soup,Čočková polévka,レンズ豆のスープ,レンズ豆のスープ,
ui_nm_lepiota,Lepiota,Bedla,キツネノカラカサ,キツネノカラカサ,
ui_nm_lepiota_cooked,Cooked Lepiota,Vařená bedla,焼きキツネノカラカサ,焼きキツネノカラカサ,
ui_nm_lepiota_dried,Dried lepiota,Sušená bedla,干したキツネノカラカサ,干したキツネノカラカサ,
ui_nm_letter_for_karolina,Letter for Karolina,Dopis pro Karolínu,カロリーナ宛ての手紙,カロリーナ宛ての手紙,
ui_nm_libri_prohibiti_key,Key to forbidden books,Klíč k zakázaným knihám,禁書の鍵,禁書の鍵,
ui_nm_linen,Linen cloth,Lněné plátno,亜麻の布地,亜麻の布地,
ui_nm_live_chicken,Live chicken,Živé kuře,生きたニワトリ,生きたニワトリ,
ui_nm_liver,Deer liver,Jelení játra,鹿の肝臓,鹿の肝臓,
ui_nm_liver_cooked,Cooked deer liver,Vařená jelení játra,焼き鹿の肝臓,焼き鹿の肝臓,
ui_nm_lockpick,Lockpick,Paklíč,ロックピック,ロックピック,
ui_nm_long_sword_cheap_01,Robber's sword,Loupežnický meč,強盗の剣,強盗の剣,
ui_nm_long_sword_cheap_02,Assassin,Sekáč,アサシン,〈暗殺者〉,
ui_nm_long_sword_cheap_03,Pricker,Bodák,プリッカー,プリッカー,
ui_nm_long_sword_cheap_04,Thumper,Buchar,ザンパー,ザンパー,
ui_nm_long_sword_cheap_05,Saving Grace,Znouzectnost,セービンググレイス,ズノウゼツトノスト,
ui_nm_long_sword_EXAMPLE,Test longsword,Testovací dlouhý meč,テストロングソード,テストロングソード,
ui_nm_long_sword_expensive_01,St. Michael's sword,Meč svatomichalský,聖ミカエルの剣,聖ミカエルの剣,
ui_nm_long_sword_expensive_02,Herod's Sword,Herodův meč,ヘロデの剣,ヘロデの剣,
ui_nm_long_sword_expensive_03,Longinus' sword,Meč Longinův,ロンギヌスの剣,ロンギヌスの剣,
ui_nm_long_sword_expensive_04,Magdeburg sword,Meč německý,マクデブルクの剣,マグデブルクの剣,
ui_nm_long_sword_expensive_05,St. George's sword,Meč svatého Jiří,聖ジョージの剣,聖ゲオルギウスの剣,
ui_nm_long_sword_medium_01,Merchant's sword,Meč kupecký,商人の剣,商人の剣,
ui_nm_long_sword_medium_02,Soul Slicer,Ostrošvih,ソウルスライサー,〈魂裂き〉,
ui_nm_long_sword_medium_03,Piercer,Šídlo,ピアサー,ピアサー,
ui_nm_long_sword_medium_04,Fearnot,Nebojsa,フィアーノット,〈恐れ知らず〉,
ui_nm_long_sword_medium_05,Duellist,Duelant,デュエリスト,デュエリスト,
ui_nm_long_sword_new_homes,Tusk,Kel,タスク,タスク,
ui_nm_lovecke_ruka,Hunter's gloves,Rukavice lovecké,ハンターズグローブ,狩人の手袋,
ui_nm_lucerne_hammer,Lucerne hammer,Lucernské kladivo,ルツェルンハンマー,ルツェルンの戦鎚,
ui_nm_lumberjack_axe,Woodcutter's axe,Sekera dřevorubecká,木こりの斧,木こりの斧,
ui_nm_mace,Mace,Palcát,メイス,パルツァート,
ui_nm_mace_EXAMPLE,Test mace,Testovací palcát,テストメイス,テストメイス,
ui_nm_mag_kyrys,Magdeburg cuirass,Kyrys magdeburský,マクデブルク式キュイラス,マグデブルクのキュイラス,
ui_nm_mag_plat,Magdeburg plate pauldrons,Ramena plátová magdeburská,マクデブルク式プレートポールドロン,マグデブルクのプレートポールドロン,
ui_nm_mag_plat_noh,Magdeburg plate chausses,Nohy plátové magdeburské,マクデブルク式プレートショース,マグデブルクのプレートショース,
ui_nm_magdeburk_ruka,Magdeburg gauntlets,Rukavice magdeburské,マクデブルクのガントレット,マグデブルクのガントレット,
ui_nm_magic_PI_mushroom,Magic PI - mushroom,Magic PI - mushroom,Magic PI - mushroom,,
ui_nm_map_dice_contest,Scorched map ,Ožehlá mapa,焼け焦げた地図 ,焼け焦げた地図 ,
ui_nm_map_dlc4_theresa_treasure,Map to Skalitz treasure,Mapa ke skalickému pokladu,スカリッツの宝の地図,スカリツェの宝の地図,
ui_nm_map_klaster_northwest,Treasure map I,Mapa k pokladu I,宝の地図I,宝の地図I,
ui_nm_map_klaster_west,Treasure map II,Mapa k pokladu II,宝の地図II,宝の地図II,
ui_nm_map_klaster_west2,Treasure map III,Mapa k pokladu III,宝の地図III,宝の地図III,
ui_nm_map_ledetchko_east,Treasure map IV,Mapa k pokladu IV,宝の地図IV,宝の地図IV,
ui_nm_map_ledetchko_north,Treasure map V,Mapa k pokladu V,宝の地図V,宝の地図V,
ui_nm_map_ledetchko_northeast,Treasure map VI,Mapa k pokladu VI,宝の地図VI,宝の地図VI,
ui_nm_map_ledetchko_northwest,Treasure map VII,Mapa k pokladu VII,宝の地図VII,宝の地図VII,
ui_nm_map_ledetchko_south,Treasure map VIII,Mapa k pokladu VIII,宝の地図VIII,宝の地図VIII,
ui_nm_map_ledetchko_southeast,Ancient map I,Starobylá mapa I,太古の地図I,太古の地図I,
ui_nm_map_ledetchko_southwest,Treasure map X,Mapa k pokladu X,宝の地図X,宝の地図X,
ui_nm_map_ledetchko_west,Treasure map XI,Mapa k pokladu XI,宝の地図XI,宝の地図XI,
ui_nm_map_neuhof_south,Treasure map XII,Mapa k pokladu XII,宝の地図XII,宝の地図XII,
ui_nm_map_neuhof_southeast,Treasure map XIII,Mapa k pokladu XIII,宝の地図XIII,宝の地図XIII,
ui_nm_map_neuhof_southeast2,Treasure map XIV,Mapa k pokladu XIV,宝の地図XIV,宝の地図XIV,
ui_nm_map_neuhof_southwest,Treasure map XV,Mapa k pokladu XV,宝の地図XV,宝の地図XV,
ui_nm_map_ratay_west,Ancient Map IV,Starobylá mapa IV,太古の地図IV,太古の地図IV,
ui_nm_map_rovna_southwest,Treasure map XVII,Mapa k pokladu XVII,宝の地図XVII,宝の地図XVII,
ui_nm_map_samopesh_west,Treasure map XVI,Mapa k pokladu XVI,宝の地図XVI,宝の地図XVI,
ui_nm_map_sazava_northwest,Treasure map XIX,Mapa k pokladu XIX,宝の地図XIX,宝の地図XIX,
ui_nm_map_skalitz_east,Treasure map XX,Mapa k pokladu XX,宝の地図XX,宝の地図XX,
ui_nm_map_skalitz_mines,Treasure map XXI,Mapa k pokladu XXI,宝の地図XXI,宝の地図XXI,
ui_nm_map_skalitz_north,Ancient map V,Starobylá mapa V,太古の地図V,太古の地図V,
ui_nm_map_skalitz_northeast,Treasure map XXIII,Mapa k pokladu XXIII,宝の地図XXIII,宝の地図XXIII,
ui_nm_map_skalitz_northwest,Treasure map XXIV,Mapa k pokladu XXIV,宝の地図XXIV,宝の地図XXIV,
ui_nm_map_skalitz_south,Treasure map IX,Mapa k pokladu IX,宝の地図IX,宝の地図IX,
ui_nm_map_skalitz_west,Treasure map XXV,Mapa k pokladu XXV,宝の地図XXV,宝の地図XXV,
ui_nm_map_stolen_silver,Map of flooded shaft,Mapa k zatopené štole,浸水した立て坑の地図,浸水した立て坑の地図,
ui_nm_map_talmberk_east,Treasure map XVIII,Mapa k pokladu XVIII,宝の地図XVIII,宝の地図XVIII,
ui_nm_map_uzice_north,Ancient Map III,Starobylá mapa III,太古の地図III,太古の地図III,
ui_nm_map_vranik_south,Ancient map II,Starobylá mapa II,太古の地図II,太古の地図II,
ui_nm_map_vranik_southwest,Treasure map XXII,Mapa k pokladu XXII,宝の地図XXII,宝の地図XXII,
ui_nm_markrabske_valky,On the Margraviate Wars,O válkách markrabských,辺境伯戦争について,辺境伯戦争について,
ui_nm_mash,Lentil mash,Čočková kaše,レンズ豆のマッシュ,レンズ豆のマッシュ,
ui_nm_matej_die,Matthias' lucky dice,Matějova šťastná kostka,マタイアスのラッキーダイス,マチェイの幸運のダイス,
ui_nm_meat_piece,Piece of meat,Kus masa,肉塊,肉塊,
ui_nm_meat_piece_cooked,Cooked piece of meat,Vařený kus masa,焼き肉塊,焼き肉塊,
ui_nm_meat_piece_dried,Dried meat,Kus sušeného masa,干し肉,干し肉,
ui_nm_meat_piece_smoked,Smoked meat,Kus uzeného masa,燻製肉,燻製肉,
ui_nm_mikulas_horn,Nicholas' hunting horn,Mikulášův lovecký roh,ニコラスの狩猟笛,ニコラスの狩猟笛,
ui_nm_mil_brig,Milanese brigandine,Brigantina milánská,ミラノ式ブリガンダイン,ミラノのブリガンディン,
ui_nm_mil_brig_col,Dyed Milanese brigandine,Brigantina milánská barvená,染色されたミラノ式ブリガンダイン,ミラノの染色ブリガンディン,
ui_nm_mil_brig_dark,Dark Milanese brigandine,Brigantina milánská černěná,ミラノ式ダークブリガンダイン,ミラノの暗色のブリガンディン,
ui_nm_mil_kyrys,Milanese cuirass,Kyrys milánský,ミラノ式キュイラス,ミラノのキュイラス,
ui_nm_mil_kyrys_kr,Shortened Milanese cuirass,Kyrys milánský krácený,ミラノ式ショートキュイラス,ミラノの短いキュイラス,
ui_nm_mil_plat,Milanese plate pauldrons,Ramena plátová milánská,ミラノ式プレートポールドロン,ミラノのプレートポールドロン,
ui_nm_mil_plat_noh,Milanese plate chausses,Nohy plátové milánské,ミラノ式プレートショース,ミラノのプレートショース,
ui_nm_mil_ruka,Milanese gauntlets,Rukavice milánské,ミラノ式ガントレット,ミラノのガントレット,
ui_nm_milanska_briga,Bright Milanese brigandine,Brigantina milánská světlá,輝くミラノ式ブリガンダイン,ミラノの輝くブリガンディン,
ui_nm_mis_plat_noh,Meissen plate chausses,Nohy plátové míšeňské,マイセン式プレートショース,マイセンのプレートショース,
ui_nm_misen_plat,Meissen plate pauldrons,Ramena plátová míšeňská,マイセン式プレートポールドロン,マイセンのプレートポールドロン,
ui_nm_money,Groschen  ,Peníze,グロッシェン  ,グロシュ,
ui_nm_monk_coat,Monk's habit,Mnišská róba,修道士の服,修道士の服,
ui_nm_morgenstern,Morgenstern,Kropáč,モルゲンステルン,モルゲンシュテルン,
ui_nm_mysky,Plate couters,Myšky,プレートコーター,プレートコーター,
ui_nm_mysky_uvaz,Plate couters,Myšky s úvazem,プレートコーター,プレートコーター,
ui_nm_nahrdelnik_1,Simple neckchain,Prostý řetízek,簡素なネックチェーン,簡素なネックチェーン,
ui_nm_nahrdelnik_2,Silver neck chain,Stříbrný náhrdelník,銀の首飾り,銀の首飾り,
ui_nm_nahrdelnik_3,Gold necklace,Zlatý náhrdelník,金のネックレス,金のネックレス,
ui_nm_nahrdelnik_4,Heraldic neckchain,Erbovní náhrdelník,紋章のネックチェーン,紋章のネックチェーン,
ui_nm_nahrdelnik_5,Gold chain,Zlatý řetěz,金のチェーン,金のチェーン,
ui_nm_nahrdelnik_tereza,Mother's necklace,Náhrdelník po matce,母の首飾り,母の首飾り,
ui_nm_natepniky,Vambraces,Nátepníky,ヴァンブレイス,ヴァンブレース,
ui_nm_necklace_001,Necklace,Náhrdelník,ネックレス,ネックレス,
ui_nm_nem_slap,German bascinet,Šlap německý,ジャーマンバシネット,ドイツのバシネット,
ui_nm_nem_zdob_sla,Decorated German bascinet,Šlap německý zdobený,装飾されたジャーマンバシネット,ドイツの装飾バシネット,
ui_nm_newhomes_report_to_rattay,Sir Divish's announcement,Divišovo oznámení,ディビシュ卿の告知状,ディヴィシュ卿の告知状,
ui_nm_nightgown_001,Nightgown,Košile noční,ナイトガウン,ナイトガウン,
ui_nm_nor_kyrys,Nurembergian cuirass,Kyrys norimberský,ニュルンベルク式キュイラス,ニュルンベルクのキュイラス,
ui_nm_nor_plat_noh,Nuremberg plate chausses,Nohy plátové norimberské,ニュルンベルク式プレートショース,ニュルンベルクのプレートショース,
ui_nm_norim_plat,Nuremberg plate pauldrons,Ramena plátová norimberská,ニュルンベルク式プレートポールドロン,ニュルンベルクのプレートポードロン,
ui_nm_norimberk_ruka,Nuremberg gauntlets,Rukavice norimberské,ニュルンベルク式ガントレット,ニュルンベルクのガントレット,
ui_nm_o_svatokupectvi,On Simony,O svatokupectví,聖職売買について,聖職売買について,
ui_nm_oblehani_prahy,The Peculiar Siege of Prague,O podivném Prahy obléhání,プラハの奇妙な包囲劇,プラハの奇妙な包囲劇,
ui_nm_obnos_gambe,Threadbare gambeson,Prošívanice obnošená,粗末なガンビスン,粗末なガンビスン,
ui_nm_obnos_gambe_cer,Threadbare dark gambeson,Prošívanice obnošená tmavá,粗末なダークガンビスン,暗色の粗末なガンビスン,
ui_nm_obycejny_haube,Short common hauberk,Hauberk obyčejný krátký,ショートホーバーク,短いホーバーク,
ui_nm_ointmentForMarta,,Mazání pro Martu (NEBUDE),マルタの塗り薬,マルタの塗り薬,
ui_nm_onion,Onion,Cibule,玉ねぎ,玉ねぎ,
ui_nm_onion_cooked,Cooked onion,Vařená cibule,焼き玉ねぎ,焼き玉ねぎ,
ui_nm_ornate_gold_chalice,Ornamented golden goblet,Zdobený zlatý pohár,装飾された金の杯,装飾された金の杯,
ui_nm_ota_kyrys,Armourer Ota's cuirass,Kyrys zbrojíře Oty,武具職人オータのキュイラス,鍛冶師オタのキュイラス,
ui_nm_pa_arm_015_bonus,Warhorse pauldrons,Ramena plátová válečného oře,戦馬のポールドロン,軍馬のポールドロン,
ui_nm_pa_helmet_001,Old bascinet,Šlap starý,オールドバシネット,古いバシネット,
ui_nm_pa_helmet_002_talmberk,Kettle hat,Klobouk železný,ケトルハット,ケトルハット,
ui_nm_pa_helmet_023_bonus,Warhorse helmet,Přilbice válečného oře,戦馬のヘルメット,軍馬の兜,
ui_nm_pa_legs_011_bonus,Warhorse greaves,Nohy plátové válečného oře,戦馬のグリーブ,軍馬のグリーブ,
ui_nm_pa_legs_016_bonus,Warhorse greaves,Nohy plátové válečného oře,戦馬のグリーブス,軍馬のグリーブス,
ui_nm_pan_skladane_noh,Noble's composite chausses,Nohy panské skládané,貴族のコンポジットショース,貴族のコンポジットショース,
ui_nm_panske_ruka,Nobleman's gauntlets,Rukavice panské,貴族のガントレット,貴族のガントレット,
ui_nm_pansky_hauberk,Short noble hauberk,Hauberk panský krátký,貴族のショートホーバーク,貴族の短いホーバーク,
ui_nm_pansky_hauberk_d,Long noble hauberk,Hauberk panský dlouhý,貴族のロングホーバーク,貴族の長いホーバーク,
ui_nm_pansky_kyrys,Noble cuirass,Kyrys panský,貴族のキュイラス,貴族のキュイラス,
ui_nm_pants_001,Red hose,Nohavice červené,赤のタイツ,赤のタイツ,
ui_nm_pants_001_blue,Decorated blue hose,Nohavice zdobené modré,装飾された青のホーズ,装飾された青のホーズ,
ui_nm_pants_001_dirty_blue,Blue hose,Nohavice modré,青のホーズ,青のホーズ,
ui_nm_pants_001_dirty_brown,Brown hose,Nohavice hnědé,茶色のホーズ,茶色のホーズ,
ui_nm_pants_001_dirty_green,Green hose,Nohavice zelené ,緑のホーズ,緑のホーズ,
ui_nm_pants_001_dirty_yellow,Yellow hose,Nohavice žluté,黄色のホーズ,黄色のホーズ,
ui_nm_pants_001_miparty_02,Grey hose,Nohavice šedé,灰色の馬,灰色の馬,
ui_nm_pants_001_miparty_03,Red-white miparti hose,Nohavice červeno-bílé,赤と白のミパルティホーズ,赤と白のミパルティホーズ,
ui_nm_pants_001_miparty_03_C2,Decorated black hose,Nohavice černé zdobené,装飾された黒のタイツ,装飾された黒のタイツ,
ui_nm_pants_001_miparty_03_noble,Light decorated hose,Nohavice světlé zdobené,装飾されたライトホーズ,装飾された軽いホーズ,
ui_nm_pants_001_rattay,Yellow-black hose,Nohavice žluto-černé,黄色と黒のタイツ,黄色と黒のタイツ,
ui_nm_pants_001_sasau,Blue and green hose,Nohavice modro-zelené,青と緑のホーズ,青と緑のホーズ,
ui_nm_pants_001_skalitz,Red-yellow hose,Nohavice červeno-žluté,赤と黄色のホーズ,赤と黄色のホーズ,
ui_nm_pants_001_talmberg,Red and white hose,Nohavice červeno-bílé,赤と白のホーズ,赤と白のホーズ,
ui_nm_pants_002,Braies,Bruchy,ブレー,ブレー,
ui_nm_pants_003,Fashionable black hose,Nohavice módní černé,お洒落な黒のホーズ,お洒落な黒のホーズ,
ui_nm_pants_003_blue,Fashionable blue hose,Nohavice módní modré,お洒落な青のホーズ,お洒落な青のホーズ,
ui_nm_pants_003_green,Fashionable green hose,Nohavice módní zelené,お洒落な緑のホーズ,お洒落な緑のホーズ,
ui_nm_pants_003_red,Fashionable red hose,Nohavice módní červené,お洒落な赤のホーズ,お洒落な赤のホーズ,
ui_nm_pants_004,Loose hose,Nohavice volné,ゆったりとしたホーズ,ゆったりとしたホーズ,
ui_nm_pants_005,Tight olive hose,Nohavice upnuté olivové,深緑色のタイトホーズ,深緑色のタイトホーズ,
ui_nm_pants_005_arrow,Tight hose,Nohavice upnuté,タイトなホーズ,タイトなホーズ,
ui_nm_pants_005_blue,Tight blue hose,Nohavice upnuté modré,青のタイトホーズ,青のタイトホーズ,
ui_nm_pants_005_dark,Tight black hose,Nohavice upnuté černé,黒のタイトなホーズ,黒のタイトなホーズ,
ui_nm_pants_005_greener,Tight green hose,Nohavice upnuté zelené,緑のタイトホーズ,緑のタイトホーズ,
ui_nm_pants_006_color_var_A,Nobleman's blue hose,Nohavice panské modré,青の貴族のホーズ,青の貴族のホーズ,
ui_nm_pants_006_color_var_B,Nobleman's brown hose,Nohavice panské hnědé,茶色の貴族のホーズ,茶色の貴族のホーズ,
ui_nm_pants_006_color_var_B_straps,Green nobleman's hose,Nohavice panské zelené,緑の貴族のホーズ,緑の貴族のホーズ,
ui_nm_pants_006_color_var_C,Noble yellow-green hose,Nohavice panské zeleno-žluté,黄緑の貴族のホーズ,黄緑の貴族のホーズ,
ui_nm_pants_006_color_var_D,Noble's red-blue hose,Nohavice panské červeno-modré,赤と青の貴族のホーズ,赤と青の貴族のホーズ,
ui_nm_pants_006_color_var_E,Nobleman's red hose,Nohavice panské červené,赤の貴族のホーズ,赤の貴族のホーズ,
ui_nm_pants_007,Patched hose,Nohavice záplatované,パッチドホーズ,継ぎ接ぎのホーズ,
ui_nm_pants_007_color_var_C,Patched dark hose,Nohavice záplatované tmavé,パッチドダークホーズ,暗色の継ぎ接ぎのホーズ,
ui_nm_pavels_dagger,Pavel's dagger,Pavlova dýka,短剣,短剣,
ui_nm_pea_soup,Pea soup,Hrachová polévka,豆のスープ,豆のスープ,
ui_nm_pear,Pear,Hruška,梨,梨,
ui_nm_pear_cooked,Cooked pear,Vařená hruška,焼き梨,焼き梨,
ui_nm_pear_dried,Dried pear,Sušená hruška,干した梨,干した梨,
ui_nm_pernach,Pernach,Pernach,ペルナッハ,ペルナフ,
ui_nm_peshek_pickpocket_knife,Peshek's dagger,Peškova kudla,ペシェクの短剣,ペシェクの短剣,
ui_nm_pickpocket_bag,Pouch with amulet,Váček s amuletem,お守り袋,お守り袋,
ui_nm_pickpocket_hooker_bag,Purse with coin,Váček s penězi,コイン入りのカバン,貨幣の入った財布,
ui_nm_pickpocket_hooker_key,Trunk key,Klíč k truhle,トランクの鍵,トランクの鍵,
ui_nm_pickpocket_hooker_knife,Old whore's dagger,Kudla vysloužilé prostitutky,老娼婦の短剣,老娼婦の短剣,
ui_nm_pickpocket_hooker_shawl,Old whore's shawl  ,Šála vysloužilé prostitutky,老娼婦のショール  ,老娼婦のショール,
ui_nm_pickpocket_reward_boots,Slippers,Střevíce,スリッパ,スリッパ,
ui_nm_pickpocket_scarf,Farm girl's shawl,Šátek děvečky ze statku,農場の娘のショール,農場の娘のショール,
ui_nm_pickpocket_tinder,Draper's tinderbox,Soukeníkovo křesadlo,織物商人の火口箱,織物商人の火口箱,
ui_nm_pickpocket_vagabund_ring,Family ring,Rodinný prsten,家宝の指輪,家宝の指輪,
ui_nm_pickpocket_vagabund_seal,Guild signet,Cechovní pečeť,ギルドの印章,ギルドの印章,
ui_nm_pig_liver,Pork liver,Vepřová játra,豚の肝臓,豚の肝臓,
ui_nm_pig_liver_cooked,Cooked pork liver,Vařená vepřová játra,焼き豚の肝臓,焼き豚の肝臓,
ui_nm_pig_meat,Pork,Vepřové maso,豚肉,豚肉,
ui_nm_pig_meat_cooked,Cooked pork,Vařené vepřové maso,焼き豚肉,焼き豚肉,
ui_nm_pig_meat_dried,Dried pork,Sušené vepřové maso,干した豚肉,干した豚肉,
ui_nm_pig_meat_smoked,Smoked bacon,Uzené vepřové maso,スモークベーコン,燻製ベーコン,
ui_nm_pilgrim_coat,Penitent's robe,Kajícné roucho,悔悟者のローブ,悔悟者のローブ,
ui_nm_pitcher_01_mead,Mead,Medovina,ハチミツ酒,ハチミツ酒,
ui_nm_pitcher_07_milk,Milk,Mléko,牛乳,牛乳,
ui_nm_pla_kab_col,Plate jack dyed,Kabátec plátový barvený,染色されたプレートジャック,染色されたプレートジャック,
ui_nm_pla_kab_dark,Dark plate-armour jacket,Kabátec plátový černěný,ダークプレートアーマージャケット,暗色の鎧用上着,
ui_nm_platinum,Platinum Trophy,Platinová trofej,プラチナトロフィー,プラチナトロフィー,
ui_nm_podbi_natep,Riveted vambraces,Nátepníky podbíjené,リベットヴァンブレイス,鋲打ちのヴァンブレース,
ui_nm_podbi_ramena,Riveted pauldrons,Ramena pobíjená,リベットポールドロン,鋲打ちのポールドロン,
ui_nm_podbij_noh,Riveted chausses,Nohy podbíjené,リベットショース,鋲打ちのショース,
ui_nm_podbij_svet_noh,Riveted bright chausses,Nohy podbíjené světlé,輝くリベットショース,輝くリベットショース,
ui_nm_podbij_zdob_noh,Riveted decorated chausses,Nohy podbíjené zdobené,装飾されたリベットショース,装飾されたリベットショース,
ui_nm_podbij_zlat_noh,Riveted gilded chausses,Nohy podbíjené zlacené,輝くリベットショース,輝くリベットショース,
ui_nm_podbijene_ruka,Riveted gloves,Rukavice podbíjené,リベット加工のグローブ,リベット加工のグローブ,
ui_nm_podkoni_a_zak,The Groom and the Apprentice,Podkoní a žák,馬番と学者見習い,馬番と学者見習い,
ui_nm_pol_plat,Polish plate pauldrons,Ramena plátová polská,ポーランド式プレートポールドロン,ポーランドのプレートポールドロン,
ui_nm_polearm_wooden,Wooden training halberd,Dřevěná tréninková halapartna,訓練用のウッドハルバード,訓練用の木製ハルバード,
ui_nm_polske_sklad_noh,Polish composite chausses,Nohy polské skládané,ポーランド式コンポジットショース,ポーランドの複合ショース,
ui_nm_polsky_kyrys,Polish cuirass,Kyrys polský,ポーランド人のキュイラス,ポーランドのキュイラス,
ui_nm_pomlazka,Pomlázka,Pomlázka,ポムラズカ,ポムラースカ,
ui_nm_porridge,Porridge,Ovesná kaše,粥,粥,
ui_nm_potion_abortion,,Abortivum (NEBUDE),,,
ui_nm_potion_absintium,Artemisia potion,Pelyňkovice,ヨモギのポーション,ヨモギのポーション,
ui_nm_potion_antidote,Antidote ,Protijed,解毒薬 ,解毒薬,
ui_nm_potion_archer,Bowman's Brew,Lovcova domácí,弓使いのエール,弓使いのエール,
ui_nm_potion_bane,Bane potion,Zhouba,不幸のポーション,不幸のポーション,
ui_nm_potion_bard,Bard potion,Mluvka,吟遊詩人のポーション,吟遊詩人のポーション,
ui_nm_potion_berserk,Bivoj's Rage potion,Bivojův hněv,ビボの怒りのポーション,ビヴォイの怒りのポーション,
ui_nm_potion_deadly_poison,Strong poison,Silný jed (NEBUDE),猛毒,猛毒,
ui_nm_potion_dementia,Mind enfeeblement potion,Dementia potion (NEBUDE),精神衰弱のポーション,精神衰弱のポーション,
ui_nm_potion_diarrhoea,Diarrhoea potion,Projímadlo,下痢のポーション,下痢のポーション,
ui_nm_potion_digestion,Digestive potion,Zažívací odvar,胃腸薬のポーション,胃腸薬のポーション,
ui_nm_potion_drinker,Hair o' the Dog potion,Alkoholik,迎え酒のポーション,迎え酒のポーション,
ui_nm_potion_energy,Cockerel potion,Nespavost,若鶏のポーション,若鶏のポーション,
ui_nm_potion_fake_blood,Fake blood,Falešná krev,偽の血液,偽の血液,
ui_nm_potion_generic,Unknown potion,Neznámý lektvar,怪しいポーション,怪しいポーション,
ui_nm_potion_health_basic,Marigold decoction,Měsíčkový odvar,マリーゴールドの調合薬,マリーゴールドの調合薬,
ui_nm_potion_health_strong,Lazarus potion,Živá voda,ラザロの蘇生薬,ラザロの蘇生薬,
ui_nm_potion_hooch,Moonshine,Samohonka,密造酒,密造酒,
ui_nm_potion_horseman,Aesop potion,Ezop,イソップのポーション,イソップのポーション,
ui_nm_potion_hunter,Embrocation,Mazání na klouby,塗り薬,塗り薬,
ui_nm_potion_irresistibility,Musk of Infinite Allure,Lektvar osobní neodolatelnosti,溢れる魅惑のムスク,溢れる魅惑のムスク,
ui_nm_potion_long_heal,Chamomile brew recipe,Recept na heřmánkový odvar,カモミールのエールのレシピ,カモミールのエールのレシピ,
ui_nm_potion_long_heal_a,Chamomile brew,Heřmánkový odvar,カモミールのエール,カモミールのエール,
ui_nm_potion_lover,Amor potion,Milenec,愛の神のポーション,愛の神のポーション,
ui_nm_potion_mrchojedy,Remedy for Merhojed,Lék pro Mrchojedské,マホイエドのための治療薬,ムルホイェディのための治療薬,
ui_nm_potion_oblivion,Oblivion potion,Zapomnění,忘却のポーション,忘却のポーション,
ui_nm_potion_owl,Nighthawk potion,Sýček,夜鷹のポーション,夜鷹のポーション,
ui_nm_potion_paralysis,Dollmaker potion,Paralýza,傀儡のポーション,傀儡のポーション,
ui_nm_potion_poison,Poison,Jed,毒,毒,
ui_nm_potion_preserver,Preserver,Konzervant,保存料,保存料,
ui_nm_potion_pribyslavitz_beer,Pribyslavitz Boar,Přibyslavický kňour,プリビスラヴィッツのイノシシ,プシヴィスラヴィツェの猪,
ui_nm_potion_rataje_beer,Rattay Pale,Ratajský ležák,ラタイェのペールエール,ラタイェのペールラガー,
ui_nm_potion_sleep,Lullaby potion,Spánek ,子守歌のポーション,子守歌のポーション,
ui_nm_potion_sneak,Padfoot potion,Tichošlápek,忍び走りのポーション,忍び走りのポーション,
ui_nm_potion_stamina,Buck's Blood potion,Životabudič,雄鹿の血のポーション,雄鹿の血のポーション,
ui_nm_potion_syrup,Dandelion syrup,Pampeliškový sirup,タンポポのシロップ,タンポポのシロップ,
ui_nm_potion_test_invincible,Test Potion: Invincible,Test Potion: Invincible,テスト用ポーション:無敵,テスト用ポーション:無敵,
ui_nm_potion_test_stamina_fr,Test Potion: Stamina Frenzy,Test Potion: Stamina Frenzy,テスト用ポーション:狂喜の持久力,テスト用ポーション:狂喜の持久力,
ui_nm_potion_tideness,Tiredness potion,Únava,疲労のポーション,疲労のポーション,
ui_nm_potion_vitality,Aqua Vitalis,Vitalita,活力のポーション,活力のポーション,
ui_nm_potion_witch,Witch potion,Čarodějnice,魔女のポーション,魔女のポーション,
ui_nm_prcek_club,Runt's club,Prckův kyj,ラントの棍棒,プルツェクの棍棒,
ui_nm_pretzel,Pretzel,Preclík,プレッツェル,プレッツェル,
ui_nm_pros_coif,Padded coif,Čepec prošívaný,パッデッドコイフ,パッド付き頭巾,
ui_nm_pros_kukla,Padded coif,Kukla prošívaná,パッデッドコイフ,パッド付き頭巾,
ui_nm_pros_kukla_bar,Dyed quilted coif,Kukla prošívaná barvená,染色されたキルテッドコイフ,染色されたキルトの頭巾,
ui_nm_pros_kukla_cer,Padded black coif,Kukla prošívaná černěná,黒のパッデッドコイフ,黒のパッド付きの頭巾,
ui_nm_pros_nohy,Padded chausses,Nohavice prošívané,パッデッドショース,パッド付きショース,
ui_nm_proti_blecham,Flea and wart remedy,Proti blechám a bradavicím,ノミとイボの治療薬,ノミとイボの治療薬,
ui_nm_prsten_1,Copper ring,Měděný prsten,銅の指輪,銅の指輪,
ui_nm_prsten_2,Silver ring,Stříbrný prsten,銀の指輪,銀の指輪,
ui_nm_prsten_3,Gold ring,Zlatý prsten,金の指輪,金の指輪,
ui_nm_prsten_4,Signet ring,Pečetní prsten,印章の指輪,印章の指輪,
ui_nm_prsten_5,Family ring,Rodový prsten,家宝の指輪,家宝の指輪,
ui_nm_prsten_tereza,Magpie's ring,Stračí prsten,巣の中にあった指輪,巣の中にあった指輪,
ui_nm_prusplech,Cuirass,Kyrys,キュイラス,キュイラス,
ui_nm_psi_cumak,Hounskull,Psí čumák,ハウンスカル,ホウンスカル,
ui_nm_ptaceks_necklace,Capon’s family necklace,Ptáčkův rodinný šperk,カポン家の首飾り,プターチェクの首飾り,
ui_nm_pvl_boots_leather,High boots,Boty vysoké,ロングブーツ,長いブーツ,
ui_nm_q_smithBattle_otasArmor,Blacksmith Ota's armour,Zbroj kováře Oty ze Sázavy,鍛冶屋オータの鎧,鍛冶師オタの鎧,
ui_nm_q_smithBattle_viteksArmor,Apprentice Vitus' armour,Zbroj kovářského učně Vítka,徒弟ヴィトスの鎧,徒弟ヴィテクの鎧,
ui_nm_qa_jacket_001,Gambeson,Prošívanice bílá,ガンビスン,ガンビスン,
ui_nm_qa_jacket_001_talmberk,Gambeson,Gambeson,ガンビスン,ガンビスン,
ui_nm_qa_legs_001_bonus,Warhorse gambeson chausses,Nohavice prošívané válečného oře,戦馬のガンビスンショース,軍馬のガンビスンショース,
ui_nm_qaw_ester_prison_key,Key to shed,Klíč od kůlny,小屋の鍵,小屋の鍵,
ui_nm_radish,Radish,Ředkev,ラディッシュ,ラディッシュ,
ui_nm_radish_cooked,Boiled radish,Vařená ředkev,茹でたラディッシュ,茹でたラディッシュ,
ui_nm_ratayOutskirt_execKey,Key to Heinz's chest,Klíč od truhly kata z Kutné Hory,ハインツの箱の鍵,ハインツの箱の鍵,
ui_nm_ratayPrisonCell_key,Key,Klíč,鍵,鍵,
ui_nm_raubritter_livrej,Garment,Kus látky,服,服,
ui_nm_raven_feather,Raven feathers,Havraní peří,ワタリガラスの羽毛,ワタリガラスの羽毛,
ui_nm_ravens_beak,Raven's beak,Havraní zobák,カラスのクチバシ,ベクトコバン,
ui_nm_recipe_absintiumPotion,Recipe for Artemisia potion,Recept na pelyňkovici,ヨモギのポーションのレシピ,ヨモギのポーションのレシピ,
ui_nm_recipe_agilityPotion,Recipe for Embrocation,Recept na Mazání na klouby,塗り薬のレシピ,塗り薬のレシピ,
ui_nm_recipe_antidotePotion,Recipe for Antidote,Recept na Protijed,解毒薬のレシピ,解毒薬のレシピ,
ui_nm_recipe_archerPotion,Recipe for Bowman's Brew,Recept na Lovcovu domácí,弓使いのエールのレシピ,弓使いのエールのレシピ,
ui_nm_recipe_banePotion,Recipe for Bane potion,Recept na Zhoubu,不幸のポーションのレシピ,不幸のポーションのレシピ,
ui_nm_recipe_bardPotion,Recipe for Bard potion,Recept na Mluvku,吟遊詩人のポーションのレシピ,吟遊詩人のポーションのレシピ,
ui_nm_recipe_berserkPotion,Recipe for Bivoj's Rage potion,Recept na Bivojův hněv,ビボの怒りのポーションのレシピ,ビヴォイの怒りのポーションのレシピ,
ui_nm_recipe_digestionPotion,Recipe for Digestive potion,Recept na Zažívací odvar,胃腸薬のポーションのレシピ,胃腸薬のポーションのレシピ,
ui_nm_recipe_drinkerPotion,Recipe for Hair o' the Dog potion ,Recept na Alkoholika,迎え酒のポーションのレシピ ,迎え酒のポーションのレシピ,
ui_nm_recipe_energyPotion,Recipe for Cockerel potion,Recept na Nespavost,若鶏のポーションのレシピ,若鶏のポーションのレシピ,
ui_nm_recipe_healthSmallPotion,Recipe for Marigold decoction,Recept na Měsíčkový odvar,マリーゴールドの調合薬のレシピ,マリーゴールドの調合薬のレシピ,
ui_nm_recipe_healthStrongPotion,Recipe for Lazarus potion,Recept na Živou vodu,ラザロの蘇生薬のレシピ,ラザロの蘇生薬のレシピ,
ui_nm_recipe_hooch,Recipe for Moonshine,Recept na pálenku,密造酒のレシピ,密造酒のレシピ,
ui_nm_recipe_horseman,Recipe for Aesop potion,Recept na Ezopa,イソップのポーションのレシピ,イソップのポーションのレシピ,
ui_nm_recipe_irresistibilityPotion,Musk of Infinite Allure recipe,Recept na Neodolatelnost,溢れる魅惑のムスクのレシピ,溢れる魅惑のムスクのレシピ,
ui_nm_recipe_loverPotion,Recipe for Amor potion,Recept na Milence,愛の神のポーションのレシピ,愛の神のポーションのレシピ,
ui_nm_recipe_owlPotion,Recipe for Nighthawk potion,Recept na Sýčka,夜鷹のポーションのレシピ,夜鷹のポーションのレシピ,
ui_nm_recipe_paralysisPotion,Recipe for Dollmaker potion ,Recept na Paralýzu,傀儡のポーションのレシピ ,傀儡のポーションのレシピ,
ui_nm_recipe_poisonPotion,Recipe for Poison,Recept na jed,毒のレシピ,毒のレシピ,
ui_nm_recipe_preserverPotion,Recipe for Preserver potion ,Recept na Konzervant,保存料のポーションのレシピ ,保存料のポーションのレシピ,
ui_nm_recipe_respecPotion,Recipe for Lethean Water,Recept na Doušek Léthé,忘却の水のレシピ,忘却の水のレシピ,
ui_nm_recipe_savePotion,Recipe for Saviour Schnapps,Recept na Sejvovici,救生酒のシュナップスのレシピ,救生酒のシュナップスのレシピ,
ui_nm_recipe_sleepPotion,Recipe for Lullaby potion ,Recept na Spánek,子守歌のポーションのレシピ ,子守歌のポーションのレシピ,
ui_nm_recipe_sneakPotion,Recipe for Padfoot potion ,Recept na Tichošlápka,忍び走りのポーションのレシピ ,忍び走りのポーションのレシピ,
ui_nm_recipe_staminaPotion,Recipe for Buck's Blood potion,Recept na Životabudič,雄鹿の血のポーションのレシピ,雄鹿の血のポーションのレシピ,
ui_nm_recipe_vitalityPotion,Recipe for Aqua Vitalis,Recept na Vitalitu,活力のポーションのレシピ,活力のポーションのレシピ,
ui_nm_recipe_witchPotion,Recipe for Witch potion,Recept na Čarodějnici,魔女のポーションのレシピ,魔女のポーションのレシピ,
ui_nm_red_feather,Red feather,Červené peří,赤い羽毛,赤い羽毛,
ui_nm_reforged_scythe,Reforged scythe,Překovaná kosa,鍛え直された大鎌,鍛え直された大鎌,
ui_nm_repairkit_armour,Armourer's kit,Nářadí zbrojířského mistra,甲冑職人の修理キット,甲冑職人の修理キット,
ui_nm_repairkit_clothes,Tailor's kit,Nářadí krejčovského mistra,仕立屋の修理キット,仕立屋の修理キット,
ui_nm_repairkit_shoes,Cobbler's kit,Nářadí ševcovského mistra,靴屋の修理キット,靴屋の修理キット,
ui_nm_repairkit_weapon,Blacksmith's kit,Nářadí kovářského mistra,鍛冶屋の修理キット,鍛冶屋の修理キット,
ui_nm_resin_for_talmberk,Keg of pitch,Soudek smoly,樹脂の子樽,樹脂の子樽,
ui_nm_rich_brocade,Rich brocade,Brokát,高級な錦織,高級な錦織,
ui_nm_ring_test,Ring,Prsten,指輪,指輪,
ui_nm_roe_kidney,Roe-deer kidneys,Srnčí ledvinky,ノロジカの腎臓,ノロジカの腎臓,
ui_nm_roe_kidney_cooked,Cooked roe-deer kidneys,Vařené srnčí ledvinky,焼きノロジカ腎臓,焼きノロジカ腎臓,
ui_nm_roe_meat,Roe deer meat,Srnčí maso,ノロジカの肉塊,ノロジカの肉塊,
ui_nm_roe_meat_cooked,Cooked roe-deer meat,Vařené srnčí maso,焼きノロジカ肉,焼きノロジカ肉,
ui_nm_roe_meat_dried,Dried roe venison,Sušené srnčí maso,干したノロジカの肉,干したノロジカの肉,
ui_nm_roe_meat_smoked,Smoked roe venison,Uzené srnčí maso.,ノロジカの肉の燻製,ノロジカの肉の燻製,
ui_nm_rooster_feather,Rooster feather,Kohoutí pírko,雄鳥の羽毛,雄鳥の羽毛,
ui_nm_rosary,Rosary,Růženec,ロザリオ,ロザリオ,
ui_nm_rubas,Burial shroud,Pohřební rubáš,埋葬布,埋葬布,
ui_nm_rump,Rump,Kýta,ランプ肉,ランプ肉,
ui_nm_rump_cooked,Cooked beef rump,Pečená kýta,焼き牛ランプ肉,焼き牛ランプ肉,
ui_nm_rump_dried,Dried beef rump,Sušená kýta,干した牛のランプ肉,干した牛のランプ肉,
ui_nm_rump_smoked,Smoked rump,Uzená kýta,燻したランプ肉,燻したランプ肉,
ui_nm_runts_club,Runt's club,Prckův kyj,ラントの棍棒,プルツェクの棍棒,
ui_nm_saber_1,Common sabre,Šavle obyčejná,サーベル,サーベル,
ui_nm_saber_2,Nicopolis sabre,Šavle nikopolská,ニコポリスサーベル,ニコポリスのサーベル,
ui_nm_saber_3,Hungarian sabre,Šavle uherská,ハンガリー式サーベル,ハンガリーのサーベル,
ui_nm_saber_4,Rider's sabre,Šavle jezdecká,騎手のサーベル,騎手のサーベル,
ui_nm_saber_5,Decorated sabre,Šavle zdobená,装飾されたサーベル,装飾されたサーベル,
ui_nm_saber_6,Oriental blade,Exotická východní čepel,東国の刃,東国の刃,
ui_nm_sack,Sack,Pytel,袋,袋,
ui_nm_saints_hints,Jotted notes,Rychle naškrábané poznámky,走り書きメモ,走り書きメモ,
ui_nm_saints_moneybag,Concealed sack of coin,Ukrytý pytel peněz,隠されていたコインの袋,隠されていたコインの袋,
ui_nm_salami,Salami,Salám,サラミ,サラミ,
ui_nm_salami_dried,Dried salami,Sušený salám,ドライサラミ,乾燥サラミ,
ui_nm_salami_smoked,Smoked salami,Uzený salám,燻製サラミ,燻製サラミ,
ui_nm_salmo_trutta,Trout,Pstruh,マス,マス,
ui_nm_salmo_trutta_cooked,Cooked trout,Vařený pstruh,焼きマス,焼きマス,
ui_nm_salmo_trutta_dried,Dried trout,Sušený pstruh,鱒の干物,鱒の干物,
ui_nm_salmo_trutta_smoked,Smoked trout,Uzený pstruh,燻したマス,燻したマス,
ui_nm_sas_cave_bowl,Bowl from the cave,Miska z jeskyně,洞窟のボウル,洞窟のボウル,
ui_nm_sas_plat,Saxon plate pauldrons,Ramena plátová saská,サクソン式プレートポールドロン,ザクセンのプレートポードロン,
ui_nm_sas_sklad_noh,Saxon composite chausses,Nohy skládané saské,サクソン式コンポジットショース,ザクセンの複合ショース,
ui_nm_satin,Satin,Satén,サテン,サテン,
ui_nm_savepotion,Saviour Schnapps,Sejvovice,救生酒のシュナップス,救生酒のシュナップス,
ui_nm_saxon_ruka,Saxon gauntlets,Rukavice saské,サクソン式ガントレット,ザクセンのガントレット,
ui_nm_sazava_Church_Key,Key to Sasau Church,Klíč od sázavského kostela,ササウ教会の鍵,サーザヴァの教会の鍵,
ui_nm_scarf_beige,Beige scarf,Kapuce béžová,ベージュのスカーフ,ベージュのスカーフ,
ui_nm_scarf_black,Black scarf,Kapuce černá,黒のスカーフ,黒のスカーフ,
ui_nm_scarf_blue,Blue scarf,Kapuce modrá,青のスカーフ,青のスカーフ,
ui_nm_scarf_gray,Grey scarf,Kapuce šedá,灰色のスカーフ,灰色のスカーフ,
ui_nm_scarf_over_eyes,Piece of cloth,Kus látky,布きれ,布きれ,
ui_nm_scarf_red,Red scarf,Kapuce červená,赤のスカーフ,赤のスカーフ,
ui_nm_scarf_yellow,Yellow scarf,Kapuce žlutá,黄色のスカーフ,黄色のスカーフ,
ui_nm_schaefersAccounting,Overseer's ledger,Šafářova účetní kniha,監督官の元帳,監督官の元帳,
ui_nm_scroll,Seal,Svitek,印章,印章,
ui_nm_sheep_kidney,Sheep kidneys,Ovčí ledvinky,羊の腎臓,羊の腎臓,
ui_nm_sheep_kidney_cooked,Cooked sheep kidneys,Vařené ovčí ledvinky,焼き羊の腎臓,焼き羊の腎臓,
ui_nm_shield_01_rychvald,House of Rychwald shield,Štít pánů z Rychvaldu,リフバウト家の盾,リフヴァルド家の盾,
ui_nm_shield_01_rychvald01,House of Rychwald shield,Štít pánů z Rychvaldu,リフバウト家の盾,リフヴァルド家の盾,
ui_nm_shield_01_zoul,House of Zoul shield,Erbovní štít rodu Zúlů,ゾール家の盾,ズール家の盾,
ui_nm_shield_black,Black shield,Štít černý,黒のシールド,黒い盾,
ui_nm_shield_decorated,Shield decorated,Štít ozdobný,装飾された盾,装飾された盾,
ui_nm_shield_devil,Devil's Scowl,Čertův škleb,悪魔の形相,悪魔の形相,
ui_nm_shield_EXAMPLE,Test shield,Testovací štít,テスト盾,テスト盾,
ui_nm_shield_gothic_01,Shield with crest,Štít erbový,紋章付きの盾,紋章付きの盾,
ui_nm_shield_hagen,House of Zoul shield,Štít rodu Zoulů,ゾール家の盾,ズール家の盾,
ui_nm_shield_heavy,Heavy shield,Těžký štít,ヘヴィシールド,重い盾,
ui_nm_shield_new_homes,Boarback shield,Kančí hřbet,ボアバックシールド,猪革の盾,
ui_nm_shield_ordinary,Common shield,Štít obyčejný,シールド,盾,
ui_nm_shield_rataje,Lords of Leipa shield,Štít pánů z Lipé,ライパ領主の盾,リパー領主の盾,
ui_nm_shield_round_metal,Cuman metal shield,Štít kumánský kovový,クマン式金属盾,くまん人の金属盾,
ui_nm_shield_round_wooden,Wooden Cuman shield,Štít kumánský dřevěný,クマン式ウッドシールド,クマン人の木の盾,
ui_nm_shield_sazava,Shield of Sasau garrison,Štít sázavské posádky,ササウ警備隊の盾,サーザヴァの衛兵の盾,
ui_nm_shield_skalice,Skalitz shield,Štít Rackovy posádky,スカリッツの盾,スカリツェの盾,
ui_nm_shield_talmberk,Shield with Talmberg crest,Štít pánů z Talmberka,タルムバークの紋章入り盾,タルムベルクの紋章入りの盾,
ui_nm_shield_theresa_reward,Skalitz shield,Skalický obránce,スカリッツの盾,スカリツェの盾,
ui_nm_shield_tournament,Bouche shield,Štít kolčí,ブーシュシールド,ブーシュ,
ui_nm_shirt,Linen shirt,Košile lněná,リネンシャツ,リネンシャツ,
ui_nm_shirt_001,Long linen shirt,Košile dlouhá lněná,ロングリネンシャツ,長いリネンシャツ,
ui_nm_shirt_001_blue,Blue tunic,Tunika modrá,青のチュニック,青のチュニック,
ui_nm_shirt_001_brown,Brown tunic,Tunika hnědá,茶色のチュニック,茶色のチュニック,
ui_nm_shirt_001_dark,Grey tunic,Tunika šedá,灰色のチュニック,灰色のチュニック,
ui_nm_shirt_001_green,Green tunic,Tunika zelená,緑のチュニック,緑のチュニック,
ui_nm_shirt_001_red,Orange tunic,Tunika oranžová,オレンジ色のチュニック,オレンジ色のチュニック,
ui_nm_shirt_002,Linen shirt,Košile,リネンシャツ,リネンシャツ,
ui_nm_shirt_002_brown,Old shirt,Košile stará,古びたシャツ,古びたシャツ,
ui_nm_shirt_002_green,Green shirt,Košile zelená,緑のシャツ,緑のシャツ,
ui_nm_shirt_002_red,Grey shirt,Košile šedá,灰色のシャツ,灰色のシャツ,
ui_nm_shirt_002_yellow,Yellow shirt,Košile žlutá,黄色のシャツ,黄色のシャツ,
ui_nm_shirt_003,Work shirt,Košile pracovní,作業着,作業着,
ui_nm_shirt_003_colorVar_A,Dirty work shirt,Košile pracovní špinavá,汚れた作業着,汚れた作業着,
ui_nm_shirt_003_colorVar_B,Old working shirt,Košile pracovní stará,古びた作業着,古びた作業着,
ui_nm_shirt_004_colorVar_A,Decorated shirt,Košile zdobená,装飾されたシャツ,装飾されたシャツ,
ui_nm_shirt_005_color_var_C,Orange shirt,Košile oranžová,オレンジ色のシャツ,オレンジ色のシャツ,
ui_nm_shirt_005_color_var_D,Brown shirt,Košile hnědá,茶色のシャツ,茶色のシャツ,
ui_nm_shirt_006,Fancy shirt,Košile švihácká,上等なシャツ,上等なシャツ,
ui_nm_shirt_006_colorVar_D,Fancy black shirt,Košile švihácká tmavá,黒の上等なシャツ,黒の上等なシャツ,
ui_nm_shirt_1,Long linen shirt,Košile lněná dlouhá,ロングリネンシャツ,長いリネンシャツ,
ui_nm_shirt_from_stepanka,Shirt from Stephanie,Košile od Štěpánky,ステファニーのシャツ,スチェパーンカのシャツ,
ui_nm_shoes,Shoes,Střevíce,靴,靴,
ui_nm_short_pollaxe,Heavy war hammer,Válečné kladivo těžké,ヘヴィウォーピック,重い戦鎚,
ui_nm_shovel,Spade,Lopata,シャベル,シャベル,
ui_nm_signetLany,Seal of the Lany Lords,Signatura pánů z Lán,ラーニ領主の印章,ラーニ領主の印章,
ui_nm_silver_chalice,Silver goblet,Stříbrný pohár,銀の杯,銀の杯,
ui_nm_silver_ring,Silver ring,Stříbrný prstýnek,銀の指輪,銀の指輪,
ui_nm_simon_spurs,Noble spurs,Ostruhy panské,貴族の拍車,貴族の拍車,
ui_nm_skin_cow,Cow hide,Kravská kůže,牛の革,牛の革,
ui_nm_skin_dear,Red deer hide,Jelení kůže,アカシカの皮,アカシカの皮,
ui_nm_skin_dog,Dog skin,Psí kůže,犬の皮,犬の皮,
ui_nm_skin_hare,Hare pelt,Zaječí kůže,ウサギの毛皮,ウサギの毛皮,
ui_nm_skin_horse,Horse hide,Koňská kůže,馬革,馬革,
ui_nm_skin_roe,Roe-deer hide,Srnčí kůže,ノロジカの革,ノロジカの革,
ui_nm_skin_sheep,Sheepskin,Ovčí kůže,羊の皮,羊の皮,
ui_nm_skinboar,Boar hide,Kůže z divočáka,イノシシの革,イノシシの革,
ui_nm_skirt_001,Yellow cotehardie,Kabátec žlutý,イエローコタルディ,黄色いコルタディ,
ui_nm_skirt_002,Red cotehardie,Kabátec červený,レッドコタルディ,赤いコルタディ,
ui_nm_skirt_002_b,Green cotehardie,Kabátec zelený,グリーンコタルディ,緑色のコルタディ,
ui_nm_skirt_002_c,Brown cotehardie,Kabátec hnědý,ブラウンコタルディ,茶色のコルタディ,
ui_nm_skirt_003,Red cotehardie,Kabátec červený,レッドコタルディ,赤いコルタディ,
ui_nm_skladane_ruka,Composite gauntlets,Rukavice skládané,コンポジットガントレット,複合ガントレット,
ui_nm_skull_of_the_devil,Devil's skull,Ďáblova lebka,悪魔の頭蓋骨,悪魔の頭蓋骨,
ui_nm_slap_klap,Bascinet with klappvisor,Šlap s klappvisorem,クラップバイザー付きバシネット,クラップヴィーザー付きバシネット,
ui_nm_slap_kryty,Covered bascinet,Šlap krytý,カバー付きバシネット,面付きバシネット,
ui_nm_slap_nanos,Bascinet with bretache,Šlap s nánosníkem,ブレテッシュ付きバシネット,鼻当て付きバシネット,
ui_nm_slap_obyc,Common bascinet,Šlap obyčejný,バシネット,バシネット,
ui_nm_slap_otevreny,Open bascinet,Šlap otevřený,オープンバシネット,開いたバシネット,
ui_nm_small_gold_chalice,Small golden goblet,Malý zlatý pohár,小型の金の杯,小型の金の杯,
ui_nm_small_silver_chalice,Decorated silver goblet,Stříbrný pohár zdobený,装飾された銀の杯,装飾された銀の杯,
ui_nm_smrepairkit_armour,Small armourer's kit,Nářadí zbrojířské,甲冑職人の小型修理キット,甲冑職人の小型修理キット,
ui_nm_smrepairkit_clothes,Small tailor's kit,Nářadí krejčího,仕立屋の小型修理キット,仕立屋の小型修理キット,
ui_nm_smrepairkit_shoes,Small cobbler's kit,Nářadí ševcovské,靴屋の小型修理キット,靴屋の小型修理キット,
ui_nm_smrepairkit_weapon,Small blacksmith's kit,Nářadí kovářské,鍛冶屋の小型修理キット,鍛冶屋の小型修理キット,
ui_nm_some_cloth,Some garment,Kus oblečení,何らかの服,何らかの服,
ui_nm_soup_test,test soup,testovaci polívka,テスト用スープ,テスト用スープ,
ui_nm_spear,Spear,Kopí,槍,槍,
ui_nm_special_amanita,Fly agaric,Muchomůrka,ベニテングタケ,ベニテングタケ,
ui_nm_special_attire,Antlers,Paroží,鹿の角,鹿の角,
ui_nm_special_bilin,Gall,Žluč,胆汁,胆汁,
ui_nm_special_boar_tooth,Wild boar's tusk,Kančí zub,野生のイノシシの牙,野生のイノシシの牙,
ui_nm_special_cave_mushroom,Cave mushroom,Jeskynní houba,洞窟キノコ,洞窟キノコ,
ui_nm_special_charcoal,Charcoal,Uhlí,木炭,木炭,
ui_nm_special_cobweb,Cobweb,Pavučina,クモの糸,クモの糸,
ui_nm_special_honey,Honey,Med,ハチミツ,ハチミツ,
ui_nm_special_olibanum,Frankincense,Kadidlo,乳香,乳香,
ui_nm_special_salt,Salt,Sůl,塩,塩,
ui_nm_spiked_club,Spiked club,Biják,スパイククラブ,棘付きの棍棒,
ui_nm_spiked_warhammer,Spiked warhammer,Válečné kladivo s bodcem,スパイクウォーハンマー,棘付きの戦鎚,
ui_nm_spur_001,Plain riding spurs,Ostruhy obyčejné,騎乗用拍車,拍車,
ui_nm_spur_002,Cuman spurs,Ostruhy kumánské,クマン式拍車,クマン人の拍車,
ui_nm_spur_003,Knight's spurs,Ostruhy rytířské,騎士の拍車,騎士の拍車,
ui_nm_spur_004,Silver spurs,Ostruhy stříbrné,銀の拍車,銀の拍車,
ui_nm_spur_005,Golden spurs,Ostruhy zlaté,金の拍車,金の拍車,
ui_nm_stara_platova,Old plate pauldrons,Ramena plátová stará,古いプレートポールドロン,古いプレートポールドロン,
ui_nm_stare_plat_noh,Old plate chausses,Nohy plátové staré,古びたプレートショース,古びたプレートショース,
ui_nm_starosta,Saint Wilgefortis,O svaté Wilgefortis,聖ウィジフォルティス,聖ヴィルゲフォルティス,
ui_nm_stepanka_jewelery,Lady of Talmberg's jewel,Šperk talmberské paní,タルムバークの妃の宝石,タルムベルクの貴婦人の宝石,
ui_nm_stolen_item_mikes,Mikesh's package,Mikešův balíček,ミケシュの荷物,ミケシュの荷物,
ui_nm_stolen_item_vojmir,Vojmir's package,Vojmírův balíček,ヴォイミールの荷物,ヴォイミールの荷物,
ui_nm_stolen_silver,Stolen silver,Ukradené stříbro,盗まれた銀,盗まれた銀,
ui_nm_stone_letter,Mysterious poem,Tajemná báseň,謎めいた詩,謎めいた詩,
ui_nm_stone_shard,Fallen block,Vražedný kámen,落下したブロック,落下したブロック,
ui_nm_sufficientia,Avicenna - Sufficientia,Ibn Al-Hasan - Sufficientia,治癒の書 - イブン・スィーナー,アウィケンナ『スフィキエンティア』,
ui_nm_surcoat_001,Long plain waffenrock,Varkoč dlouhý prostý,地味な長丈の陣中着,地味な長丈の陣中着,
ui_nm_surcoat_001_sasau,Long Sasau waffenrock,Varkoč Sázava dlouhý,ササウ式ロングタバード,サーザヴァの長いタバード,
ui_nm_surcoat_001_talmberg,Long Talmberg waffenrock,Varkoč Talmberk dlouhý,タルムバーク式ロングタバード,タルムベルクの長いタバード,
ui_nm_surcoat_cuman_001,Cuman cotte,Surkot kumánský,クマン式コット,クマン人のコット,
ui_nm_surcoat_kobyla,Long Skalitz waffenrock ,Varkoč Skalice dlouhý,スカリッツ式ロングタバード,スカリツェの長いタバード,
ui_nm_surcoat_Rataje,Long waffenrock Rattay,Varkoč Rataje dlouhý,ラタイェ式ロングタバード,ラタイェの長いタバード,
ui_nm_surcotte_001,Working garment,Šaty svrchní pracovní,作業服,作業服,
ui_nm_surcotte_002,Outer cotte,Šaty svrchní,アウターコット,アウターコット,
ui_nm_surcotte_003,Simple surcotte,Šaty svrchní prosté,簡素なシュールコー,簡素なサーコート,
ui_nm_surcotte_004,Decorated surcotte,Surkot zdobený,装飾されたコット,装飾されたコット,
ui_nm_surcotte_005,Fashionable dress,Šaty módní,お洒落なドレス,お洒落なドレス,
ui_nm_sword__queen_sheba,Queen of Sheba sword piece,Úlomek meče královny ze Sáby,シバ女王の剣の欠片,シバ女王の剣の欠片,
ui_nm_sword_long_wooden,Wooden training sword,Meč dlouhý dřevěný,訓練用のウッドソード,訓練用の木剣,
ui_nm_sword_short_a,Burgher's sword,Meč měšťanský,市民の剣,市民の剣,
ui_nm_sword_short_b,Coxcomb,Švihák,コックスコーム,〈鶏頭〉,
ui_nm_sword_short_c,Needle,Jehla,ニードル,針のような剣,
ui_nm_sword_short_cheap_01,Grandad's old sword,Meč po dědovi,祖父の古びた剣,祖父の古びた剣,
ui_nm_sword_short_cheap_02,Trusty companion,Spolehlivý pomocník,信頼の友,信頼の友,
ui_nm_sword_short_cheap_03,Prodder,Bodlo,プロッダー,〈ボルド〉,
ui_nm_sword_short_cheap_04,Mercenary's bedfellow,Žoldákův brach,傭兵の相棒,傭兵の相棒,
ui_nm_sword_short_cheap_05,Shard,Střep,欠けた剣,欠けた剣,
ui_nm_sword_short_cheap_06,Rusty blade,Rezavá čepel,錆びた剣,錆びた剣,
ui_nm_sword_short_d,Stalwart,Vytrvalec,スタルワート,〈ヴィトルヴァレツ〉,
ui_nm_sword_short_e,Page's sword,Meč panošský,騎士見習いの剣,騎士見習いの剣,
ui_nm_sword_short_EXAMPLE,Test short sword,Testovací krátký meč,テストのショートソード,テストの片手剣,
ui_nm_sword_short_expensive_01,Robber baron's sword,Meč raubrittera,泥棒男爵の剣,泥棒男爵の剣,
ui_nm_sword_short_expensive_02,Razor,Břitva,レイザー,レイザー,
ui_nm_sword_short_expensive_03,Stinger,Žihadlo,スティンガー,スティンガー,
ui_nm_sword_short_expensive_04,Old family heirloom,Rodinné dědictví,伝家の宝刀,伝家の宝刀,
ui_nm_sword_short_expensive_05,Noble sword,Meč panský,貴族の剣,貴族の剣,
ui_nm_sword_short_expensive_06,Envoy's aide-de-camp,Diplomatův pobočník,公使の右腕,公使の右腕,
ui_nm_sword_short_f,Reliable blade,Spolehlivá čepel,堅実な剣,堅実な剣,
ui_nm_sword_short_revelation_reward,Vom Berg sword,Meč pánů z Hory,ヴォン・バークの剣,フォム゠ベルクの剣,
ui_nm_sword_short_wooden,Wooden training sword,Meč cvičný dřevěný,訓練用のウッドソード,訓練用の木剣,
ui_nm_sword1,Bastard sword,Meč dlouhý,バスタードソード,バスタードソード,
ui_nm_sword1_quest,Old Bastard Sword,Starý dlouhý meč,古びたバスタードソード,古びたバスタードソード,
ui_nm_swordofsheba,Queen of Sheba's sword,Meč královny ze Sáby,シバ女王の剣,シバ女王の剣,
ui_nm_talmberk_armory_chest_key,Equipment trunk key,Klíč od bedny s výbavou,装備トランクの鍵,装備トランクの鍵,
ui_nm_talmberk_armory_door_key,Pirkstein armoury key,Klíč od zbrojnice Pirkštejna,ピルクシュタインの武器庫の鍵,ピルクシュテインの武器庫の鍵,
ui_nm_talmberk_tabard,Waffenrocks for Woyzeck,Varkoče pro Vojtěcha,ウォイチェク式タバード,ヴォイチェクのタバード,
ui_nm_tereza_lektvar,Healing potion,Léčivý lektvar,回復ポーション,回復ポーション,
ui_nm_tereza_platno,Linen for bandages,Plátno na obvazy,包帯用の布,包帯用の布,
ui_nm_tereza_voda,Water,Voda,水,水,
ui_nm_test,Test sabre,Test tesák,テストサーベル,テストサーベル,
ui_nm_test_antiStealthBoots,Test AntiStealth Boots,Test AntiStealth Boots,テスト対隠密ブーツ,テスト対隠密ブーツ,
ui_nm_test_antiStealthPants,Test AntiStealth Pants,Test AntiStealth Pants,テスト対隠密パンツ,テスト対隠密パンツ,
ui_nm_test_antiStealthShirt,Test AntiStealth Shirt,Test AntiStealth Shirt,テスト対隠密シャツ,テスト対隠密シャツ,
ui_nm_test_boots,Servant's boots,Boty služebnické,召使いのブーツ,召使いのブーツ,
ui_nm_test_buff_bandage,Buffed Bandage Test,Pruh čistého plátna,バフ付き包帯テスト,バフ付き包帯テスト,
ui_nm_test_cap,Servant Cap,Služebníkova čapka,召使いの帽子,召使いの帽子,
ui_nm_test_ondra_fifty,,Prokyho pade,,,
ui_nm_test_pants,Servant's hose,Test SuperStealth Pants,召使いのホーズ,召使いのホーズ,
ui_nm_test_recept,Recipe,Recept,レシピ,レシピ,
ui_nm_test_shirt,Servant's shirt,Test SuperStealth Shirt,召使いのシャツ,召使いのシャツ,
ui_nm_test_viceslotovy_12,Multi slot test,Multi slot test,マルチスロットテスト,マルチスロットテスト,
ui_nm_test_viceslotovy_renamed,Multi slot test renamed,Multi slot test renamed,マルチスロットテスト名称変更済み,マルチスロットテスト名称変更済み,
ui_nm_test_viceslotovy2,Multi slot test 2,Multi slot test 2,マルチスロットテスト2,マルチスロットテスト2,
ui_nm_tezk_lamel,Heavy lamellar armour,Zbroj lamelová těžká,ヘヴィラメラーアーマー,重いラメラーアーマー,
ui_nm_tezky_hauberk,Heavy hauberk,Hauberk těžký,ヘヴィホーバーク,重いホーバーク,
ui_nm_the_alfons_die,Alfonse's die,Alfonsova hrací kostka,アルフォンスのダイス,アルフォンスのダイス,
ui_nm_the_ambroz_die,Ambrose's dice,Ambrožova hrací kostka,アンブローズのダイス,アンブローズのダイス,
ui_nm_the_another_die,Another die,Další kostka,もうひとつのダイス,もうひとつのダイス,
ui_nm_the_commonest_die,The commonest die,Hrací kostka nejobyčejnější,極めて一般的なダイス,極めて一般的なダイス,
ui_nm_the_devil_die,Devil's Head,Ďáblova hlava,悪魔の頭,悪魔の頭,
ui_nm_the_devil_die_gold,Alfonse's devil die,Alfonsova ďáblova hlava,アルフォンスの悪魔のダイス,アルフォンスの悪魔のダイス,
ui_nm_the_die_a,Unpopular die,Hrací kostka nepřízně,人気のないダイス,人気のないダイス,
ui_nm_the_die_b,Lucky die,Hrací kostka šťastná,幸運のダイス,幸運のダイス,
ui_nm_the_die_c,Lu die,Hrací kostka Lu,ルゥのダイス,「ル」のダイス,
ui_nm_the_die_d,Ci die,Hrací kostka Ci,シィのダイス,「シ」のダイス,
ui_nm_the_die_e,Fer die,Hrací kostka Fer,フェルのダイス,「フェル」のダイス,
ui_nm_the_die_f,Biased die,Hrací kostka podivná,イカサマダイス,イカサマダイス,
ui_nm_the_die_g,Lucky playing die,Hrací kostka příznivá,幸運の勝負ダイス,幸運の勝負ダイス,
ui_nm_the_die_h,Holy Trinity die,Hrací kostka Svaté Trojice,三位一体のダイス,三位一体のダイス,
ui_nm_the_die_i,Even number die,Hrací kostka sudá,偶数のダイス,偶数のダイス,
ui_nm_the_die_k,Odd die,Hrací kostka lichá,奇数のダイス,奇数のダイス,
ui_nm_the_die_kcd,Heavenly Kingdom die,Hrací kostka království Božího,天国のダイス,天国のダイス,
ui_nm_the_die_l,Henry's beta die,Jindrova beta kostka,ヘンリーのベータダイス,インジフのためのベータダイス,
ui_nm_the_die_m,Die of misfortune,Hrací kostka smolná,不幸のダイス,不幸のダイス,
ui_nm_the_die_o,Strip die,Hrací kostka svlíkačka,身ぐるみ剥ぎのダイス,身ぐるみ剥ぎのダイス,
ui_nm_the_die_p,Shrinking playing die,Hrací kostka stahovačka,縮むダイス,縮むダイス,
ui_nm_the_least_common_die,The least common die,Hrací kostka nejneobyčejnější,特殊なダイス,特殊なダイス,
ui_nm_the_not_common_die,Uncommon die,Hrací kostka neběžná,珍しいダイス,珍しいダイス,
ui_nm_tiara,Tiara,Tiara,ティアラ,ティアラ,
ui_nm_tiara_vltavin,Crown with moldavite,Korunka s vltavínem,モルダバイト付きの王冠,モルダバイト付きの王冠,
ui_nm_tiara_vltavin_fake,Ornamental crown,Korunka,飾り付きの王冠,飾り付きの王冠,
ui_nm_tonceks_purse,Bulging purse,Naditý měšec,膨れたカバン,膨れたカバン,
ui_nm_torch,Torch,Louč,たいまつ,たいまつ,
ui_nm_torn_book_page,Page torn from book,Stránka z knihy,切り取られた本のページ,切り取られた本のページ,
ui_nm_tournament_arrow_broken,Broken tournament arrow,Šíp turnajový zlomený,折れた馬上試合用の矢,折れた競技用の矢,
ui_nm_turnaj_helma,Lords of Leipa hounskull,Přilbice pánů z Lipé,ライパ領主のハウンスカル,リパー領主のハウンスカル,
ui_nm_turnaj_kyrys,Lords of Leipa cuirass,Kyrys pánů z Lipé,ライパ領主のキュイラス,リパー領主のキュイラス,
ui_nm_turnaj_noh,Lords of Leipa chausses,Nohy pánů z Lipé,ライパ領主のショース,リパー領主のショース,
ui_nm_turnaj_ramena,Lords of Leipa pauldrons,Ramena pánů z Lipé,ライパ領主のポールドロン,リパー領主のポールドロン,
ui_nm_turnaj_ruka,Lords of Leipa gauntlets,Rukavice pánů z Lipé,ライパ領主のガントレット,リパー領主のガントレット,
ui_nm_turnaje,On Tournaments,O turnajích,馬上試合について,競技会について,
ui_nm_uher_hauberk,Hungarian hauberk,Hauberk uherský,ハンガリー式ホーバーク,ハンガリーのホーバーク,
ui_nm_ulrichDokument,Ulrich's documents,Ulrichovy dokumenty,ウルリッヒの書類,ウルリヒの書類,
ui_nm_underskirt_001,Undershirt,Košile spodní,肌着,肌着,
ui_nm_vaclav_IV,Wenceslas IV,Václav IV.,ベンツェスラウス4世,ヴァーツラフIV世,
ui_nm_velky_slap,Grand bascinet,Šlap velký,グランドバシネット,大バシネット,
ui_nm_venetian_glass,Venetian glass chalice,Číše z benátského skla,ヴェネツィアガラスの杯,ヴェネツィアガラスの杯,
ui_nm_venisonMeat,Red-deer venison,Jelení maso,アカシカの肉,アカシカの肉,
ui_nm_venisonMeat_cooked,Cooked red-deer venison,Vařené jelení maso,焼きアカジカ肉,焼きアカジカ肉,
ui_nm_venisonMeat_smoked,Smoked venison,Uzené jelení maso,鹿肉の燻製,鹿肉の燻製,
ui_nm_vit_kyrys,Vitus' cuirass,Kyrys zbrojíře Vítka,ヴィトスのキュイラス,ヴィトスのキュイラス,
ui_nm_vl_cloth,Flemish cloth,Vlámské sukno,フランドルの布地,フランドルの布地,
ui_nm_vltavin,Moldavite,Vltavín,モルダバイト,モルダバイト,
ui_nm_vojtech,St. Adalbert,O svatém Vojtěchu,アーダベルト,〈聖ヴォイチェフに捧ぐ〉,1
ui_nm_vojtechs_necklace,Woyzeck's family pendant,Vojtěchův rodinný přívěšek,ウォイチェクのファミリーペンダント,ヴォイチェフの家族のペンダント,
ui_nm_wafer,Wafer,Hostie,聖餅,聖餅,
ui_nm_waffenrock_001,Red waffenrock,Varkoč červený,レッドタバード,レッドタバード,
ui_nm_waffenrock_002,Long dark waffenrock,Varkoč dlouhý tmavý,ダークロングタバード,暗色の長いタバード,
ui_nm_waffenrock_002_bandits_03,Long black waffenrock,Varkoč dlouhý černý,黒のロングタバード,黒の長いタバード,
ui_nm_waffenrock_002_rattay,Long Rattay waffenrock,Varkoč Rataje dlouhý,ラタイェ式ロングタバード,ラタイェの長いタバード,
ui_nm_waffenrock_002_sasau,Long Sasau waffenrock,Varkoč Sázava dlouhý,ササウ式ロングタバード,サーザヴァの長いタバード,
ui_nm_waffenrock_002_skalitz,Long Skalitz waffenrock,Varkoč Skalice dlouhý,スカリッツ式ロングタバード,スカリツェの長いタバード,
ui_nm_waffenrock_002_talmberg,Long Talmberg waffenrock,Varkoč Talmberk dlouhý,タルムバーク式ロングタバード,タルムベルクの長いタバード,
ui_nm_waffenrock_003,Oleshnitz waffenrock,Varkoč pánů z Olešnice,エルスニッツ式タバード,オレシュニツェのタバード,
ui_nm_waffenrock_004,Short red waffenrock,Varkoč krátký červený ,赤のショートタバード,赤の短いタバード,
ui_nm_waffenrock_004_k,Short waffenrock,Varkoč krátký,ショートタバード,短いタバード,
ui_nm_waffenrock_005_k,Short Skalitz waffenrock,Varkoč Skalice krátký,スカリッツ式ショートタバード,スカリツェの短いタバード,
ui_nm_waffenrock_005_pista,Short dark waffenrock,Varkoč krátký černý,ダークショートタバード,暗色の短いタバード,
ui_nm_waffenrock_005_rattay,Short Rattay waffenrock,Varkoč Rataje krátký,ラタイェ式ショートタバード,ラタイェの短いタバード,
ui_nm_waffenrock_005_sasau,Short Sasau waffenrock,Varkoč Sázava krátký,ササウ式ショートタバード,サーザヴァの短いタバード,
ui_nm_waffenrock_005_skalitz,Short Skalitz waffenrock,Varkoč Skalice krátký,スカリッツ式ショートタバード,スカリツェの短いタバード,
ui_nm_waffenrock_005_talmberg,Short Talmberg waffenrock,Varkoč Talmberk krátký,タルムバーク式ショートタバード,タルムベルクの短いタバード,
ui_nm_waffenrock_006,Waffenrock,Varkoč,タバード,タバード,
ui_nm_waffenrock_007,Decorated red waffenrock,Varkoč zdobený červený,装飾された赤のタバード,装飾された赤のタバード,
ui_nm_waffenrock_007_rattay,Decorated Rattay waffenrock,Varkoč Rataje zdobený,装飾されたラタイェ式タバード,ラタイェの装飾タバード,
ui_nm_waffenrock_007_sasau,Decorated Sasau waffenrock,Varkoč Sázava zdobený,飾り付きのササウの陣中着,サーザヴァの飾り付きのタバード,
ui_nm_waffenrock_007_skalitz,Decorated Skalitz waffenrock,Varkoč Skalice zdobený,装飾されたスカリッツ式タバード,スカリツェの装飾タバード,
ui_nm_waffenrock_008,Nobleman's waffenrock,Varkoč panský,貴族のタバード,貴族のタバード,
ui_nm_waffenrock_008_rattay,Rattay noble's waffenrock,Varkoč panský Rataje,ラタイェ式貴族のタバード,ラタイェの貴族のタバード,
ui_nm_waffenrock_008_sasau,Sasau noble's waffenrock,Varkoč Sázava panský,ササウ式貴族のタバード,サーザヴァの貴族のタバード,
ui_nm_waffenrock_008_talmberg,Talmberg waffenrock,Varkoč Talmberk panský ,タルムバーク式タバード,タルムベルクのタバード,
ui_nm_waffenrock_011,Heraldic waffenrock,Varkoč heraldický,紋章のタバード,紋章のタバード,
ui_nm_waffenrock_012,Red hemmed waffenrock,Varkoč lemovaný rudý,赤のヘム付タバード,赤のヘム付タバード,
ui_nm_waffenrock_012_k,Red hemmed waffenrock,Varkoč lemovaný červený,赤のヘム付きタバード,赤のヘム付きタバード,
ui_nm_waffenrock_013,Knight's waffenrock,Varkoč rytířský,騎士のタバード,騎士のタバード,
ui_nm_waffenrock_014,Hemmed waffenrock,Varkoč lemovaný,ヘム付タバード,ヘム付タバード,
ui_nm_waffenrock_014_rattay,Hemmed Rattay waffenrock,Varkoč Rataje lemovaný,ラタイェ式ヘム付きタバード,ラタイェのヘム付きタバード,
ui_nm_waffenrock_014_sasau,Hemmed Sasau waffenrock,Varkoč Sázava lemovaný,ササウ式ヘム付きタバード,サーザヴァの縁付きタバード,
ui_nm_waffenrock_014_talmberg,Talmberg hemmed waffenrock,Varkoč Talmberk lemovaný,タルムバーク式ヘム付きタバード,タルムベルクの縁付きタバード,
ui_nm_waffenrock_015,Lords of Leipa waffenrock,Varkoč pánů z Lipé,ライパ領主のタバード,リパー領主のタバード,
ui_nm_waffenrock_bonus,Warhorse waffenrock,Varkoč válečného oře,戦馬のタバード,軍馬のタバード,
ui_nm_warhammer,Warhammer,Válečné kladivo,ウォーハンマー,戦鎚,
ui_nm_water,Drinking water,Obyčejná voda,飲み水,飲み水,
ui_nm_watermelon,Watermelon,Meloun,スイカ,スイカ,
ui_nm_weapon_test2,Test Weapon 2,Zkušební zbraň 2,テスト武器2,テスト武器2,
ui_nm_weapontest2,Test Weapon 3,Zkušební zbraň 3,テスト武器3,テスト武器3,
ui_nm_white_feather,White feathers,Bílé peří,白い羽毛。,白い羽毛。,
ui_nm_wine,Wine,Víno,ワイン,ワイン,
ui_nm_wine_keg,Cask of wine for Circators,Soudek vína pro cirkátory,巡回者のワイン樽,巡回者のワイン樽,
ui_nm_wine_keg_stepanka,Wine for Stephanie,Soudek vína pro talmberskou paní,ステファニーへのワイン,スチェパーンカのためのワイン,
ui_nm_wineskin_02_cheap,Cheap wine,Levné víno,安ワイン,安ワイン,
ui_nm_wineskin_03_fancy,Fine wine,Dobré víno,高級なワイン,高級なワイン,
ui_nm_wolf_teeth,Wolf's fangs,Vlčí zuby,オオカミの牙,オオカミの牙,
ui_nm_wooden_axe,Wooden training axe,Dřevěná tréninková sekera,訓練用のウッドアックス,訓練用の木製の斧,
ui_nm_woodenSword,Wooden sword,Dřevěný meč,ウッドソード,木剣,
ui_nm_woolcloth,Wool fabric,Vlněné sukno,羊毛の布地,羊毛の布地,
ui_nm_wound_arrow,Wounding arrow,Šíp ranivý,深手の矢,深手の矢,
ui_nm_wound_enh_arrow,Better wounding arrow,Šíp ranivý lepší,良質な創傷の矢,良質な創傷の矢,
ui_nm_wrongDice,Playing die,Hrací kostka,ダイス,ダイス,
ui_nm_zapis_vyslech,Heretic's testimony,Zápis z výslechu kacíře,異端者の供述書,異端者の供述書,
ui_nm_zdenas_scarf,Zdena's scarf,Zdenin šátek,ズデナのスカーフ,ズデナのスカーフ,
ui_nm_zdobeny_pruspl,Decorated cuirass,Kyrys zdobený,装飾されたキュイラス,装飾されたキュイラス,
ui_nm_zes_kuman_haub,Reinforced Cuman hauberk,Hauberk kumánský zesílený,クマン式強化ホーバーク,クマン人の強化ホーバーク,
ui_nm_zikmund,Sigismund of Luxembourg,Zikmund Lucemburský,ルクセンブルクのシギスムント,ルクセンブルクのジクムント,
ui_nm_zvon_klo,Bell-shaped kettle hat,Klobouk zvonový,ベル型ケトルハット,ベル型ケトルハット,